"Time","calico-apiserver-7d67fc75c4-b9n6w","calico-node-p9fcp","coredns-666d64755b-vhdjm-x-kube-system-x-mosquitto-vcluster","coredns-666d64755b-z6kpk-x-kube-system-x-emqx-vcluster","csi-node-driver-bfk77","emqx-broker-0-x-emqx-service-x-emqx-vcluster","kube-prometheus-stack-grafana-74b7cf79fb-smpms","kube-prometheus-stack-kube-state-metrics-5689dc5579-47clg","kube-prometheus-stack-operator-6787bbd765-hzqbc","kube-prometheus-stack-prometheus-node-exporter-42csm","kube-proxy-ftsn7","metrics-server-69bffc695c-5p9gz-x-kube-system-x-emqx-vcluster","metrics-server-69bffc695c-f4j84-x-kube-system-x-mosq-26bfd1d46c","mosquitto-broker-649587fcc9-4mdsm-x-mosquitto-servic-63353133ab","speaker-dw5w9"
2024-09-10 09:54:30,32.9 MiB,186 MiB,14.2 MiB,14.2 MiB,9.59 MiB,221 MiB,223 MiB,14 MiB,24.4 MiB,9.93 MiB,21.2 MiB,14.8 MiB,15.2 MiB,18.9 MiB,18.9 MiB
2024-09-10 09:54:40,32.9 MiB,186 MiB,14.2 MiB,14.2 MiB,9.59 MiB,221 MiB,223 MiB,14 MiB,24.4 MiB,9.93 MiB,21.1 MiB,14.8 MiB,15.2 MiB,18.9 MiB,18.9 MiB
2024-09-10 09:54:50,32.9 MiB,186 MiB,14.2 MiB,14.2 MiB,9.59 MiB,221 MiB,223 MiB,14 MiB,24.4 MiB,10.9 MiB,21.1 MiB,14.8 MiB,15.2 MiB,19.4 MiB,18.9 MiB
2024-09-10 09:55:00,32.9 MiB,186 MiB,14.2 MiB,14.2 MiB,9.59 MiB,226 MiB,223 MiB,14 MiB,24.4 MiB,9.50 MiB,21.1 MiB,14.8 MiB,15.2 MiB,20.1 MiB,18.9 MiB
2024-09-10 09:55:10,32.9 MiB,186 MiB,14.2 MiB,14.2 MiB,9.59 MiB,236 MiB,221 MiB,14 MiB,24.4 MiB,9.50 MiB,21.1 MiB,14.8 MiB,15.2 MiB,20.1 MiB,18.9 MiB
2024-09-10 09:55:20,32.9 MiB,186 MiB,14.2 MiB,14.2 MiB,9.59 MiB,253 MiB,221 MiB,14 MiB,24.4 MiB,11.0 MiB,21.1 MiB,14.8 MiB,15.2 MiB,20.9 MiB,18.9 MiB
2024-09-10 09:55:30,32.9 MiB,186 MiB,14.2 MiB,14.2 MiB,9.59 MiB,253 MiB,221 MiB,14 MiB,24.4 MiB,10.6 MiB,21.1 MiB,14.8 MiB,15.2 MiB,20.9 MiB,18.9 MiB
2024-09-10 09:55:40,32.9 MiB,186 MiB,14.2 MiB,14.2 MiB,9.59 MiB,271 MiB,221 MiB,14 MiB,24.4 MiB,10.6 MiB,21.1 MiB,14.8 MiB,15.2 MiB,21.7 MiB,18.9 MiB
2024-09-10 09:55:50,32.9 MiB,186 MiB,14.2 MiB,14.2 MiB,9.59 MiB,281 MiB,221 MiB,14 MiB,24.4 MiB,10.3 MiB,21.1 MiB,14.8 MiB,15.2 MiB,21.7 MiB,18.9 MiB
2024-09-10 09:56:00,32.9 MiB,186 MiB,14.2 MiB,14.2 MiB,9.59 MiB,281 MiB,221 MiB,14.0 MiB,24.4 MiB,11.1 MiB,21.1 MiB,14.8 MiB,15.2 MiB,22.7 MiB,18.9 MiB
2024-09-10 09:56:10,32.9 MiB,186 MiB,14.2 MiB,14.2 MiB,9.59 MiB,304 MiB,221 MiB,14.0 MiB,24.4 MiB,11.1 MiB,21.1 MiB,14.8 MiB,15.2 MiB,22.7 MiB,18.9 MiB
2024-09-10 09:56:20,32.9 MiB,186 MiB,14.2 MiB,14.2 MiB,9.59 MiB,316 MiB,221 MiB,14.0 MiB,24.4 MiB,10.0 MiB,21.1 MiB,15.0 MiB,15.2 MiB,23.3 MiB,19.0 MiB
2024-09-10 09:56:30,32.9 MiB,186 MiB,14.2 MiB,14.2 MiB,9.59 MiB,316 MiB,221 MiB,14.0 MiB,24.4 MiB,9.83 MiB,21.1 MiB,14.9 MiB,15.2 MiB,23.3 MiB,19.0 MiB
2024-09-10 09:56:40,32.9 MiB,186 MiB,14.3 MiB,14.2 MiB,9.59 MiB,333 MiB,227 MiB,14.0 MiB,24.4 MiB,9.83 MiB,21.1 MiB,14.9 MiB,15.2 MiB,23.3 MiB,19.0 MiB
2024-09-10 09:56:50,32.9 MiB,186 MiB,14.3 MiB,14.2 MiB,9.59 MiB,333 MiB,227 MiB,14.0 MiB,24.4 MiB,10.9 MiB,21.1 MiB,14.9 MiB,15.2 MiB,23.3 MiB,19.0 MiB
2024-09-10 09:57:00,32.9 MiB,186 MiB,14.3 MiB,14.2 MiB,9.59 MiB,343 MiB,228 MiB,14.0 MiB,24.4 MiB,9.45 MiB,21.1 MiB,14.9 MiB,15.3 MiB,23.3 MiB,19.0 MiB
2024-09-10 09:57:10,32.9 MiB,185 MiB,14.3 MiB,14.2 MiB,9.59 MiB,349 MiB,228 MiB,14.0 MiB,24.4 MiB,9.57 MiB,21.1 MiB,14.9 MiB,15.3 MiB,23.3 MiB,19.0 MiB
2024-09-10 09:57:20,32.9 MiB,185 MiB,14.3 MiB,14.2 MiB,9.59 MiB,349 MiB,228 MiB,14.0 MiB,24.5 MiB,9.57 MiB,21.1 MiB,14.9 MiB,15.3 MiB,23.3 MiB,19.0 MiB
2024-09-10 09:57:30,32.9 MiB,185 MiB,14.3 MiB,14.2 MiB,9.59 MiB,350 MiB,228 MiB,14.0 MiB,24.5 MiB,9.52 MiB,21.1 MiB,14.9 MiB,15.3 MiB,23.3 MiB,19.0 MiB
2024-09-10 09:57:40,32.9 MiB,185 MiB,14.3 MiB,14.2 MiB,9.59 MiB,350 MiB,228 MiB,14.0 MiB,24.5 MiB,9.67 MiB,21.1 MiB,14.9 MiB,15.3 MiB,23.3 MiB,19.0 MiB
2024-09-10 09:57:50,32.9 MiB,185 MiB,14.3 MiB,14.2 MiB,9.59 MiB,350 MiB,228 MiB,14.0 MiB,24.5 MiB,9.67 MiB,21.1 MiB,14.9 MiB,15.3 MiB,23.3 MiB,19.0 MiB
2024-09-10 09:58:00,32.9 MiB,185 MiB,14.3 MiB,14.3 MiB,9.59 MiB,352 MiB,230 MiB,14.0 MiB,24.5 MiB,9.82 MiB,21.1 MiB,14.9 MiB,15.3 MiB,21.2 MiB,19.0 MiB
2024-09-10 09:58:10,32.9 MiB,186 MiB,14.3 MiB,14.3 MiB,9.59 MiB,352 MiB,230 MiB,14.0 MiB,24.5 MiB,10.4 MiB,21.1 MiB,14.9 MiB,15.3 MiB,21.2 MiB,19.0 MiB
2024-09-10 09:58:20,32.9 MiB,186 MiB,14.3 MiB,14.3 MiB,9.59 MiB,300 MiB,230 MiB,14.0 MiB,24.5 MiB,10.4 MiB,21.1 MiB,14.9 MiB,15.3 MiB,21.2 MiB,19.0 MiB
2024-09-10 09:58:30,32.9 MiB,185 MiB,14.3 MiB,14.3 MiB,9.59 MiB,300 MiB,222 MiB,14.0 MiB,24.5 MiB,11.3 MiB,21.1 MiB,14.9 MiB,15.3 MiB,21.2 MiB,19.0 MiB
2024-09-10 09:58:40,32.9 MiB,185 MiB,14.3 MiB,14.3 MiB,9.59 MiB,300 MiB,222 MiB,14.0 MiB,24.5 MiB,11.3 MiB,21.1 MiB,14.9 MiB,15.3 MiB,21.2 MiB,19.0 MiB
2024-09-10 09:58:50,32.9 MiB,186 MiB,14.3 MiB,14.3 MiB,9.59 MiB,300 MiB,222 MiB,14.0 MiB,24.5 MiB,9.52 MiB,21.1 MiB,14.9 MiB,15.3 MiB,20.9 MiB,19.0 MiB
2024-09-10 09:59:00,32.9 MiB,186 MiB,14.3 MiB,14.3 MiB,9.59 MiB,300 MiB,222 MiB,14.0 MiB,24.5 MiB,9.52 MiB,21.1 MiB,14.9 MiB,15.3 MiB,20.9 MiB,19.0 MiB
2024-09-10 09:59:10,32.9 MiB,186 MiB,14.3 MiB,14.3 MiB,9.59 MiB,300 MiB,222 MiB,14.0 MiB,24.5 MiB,9.99 MiB,21.1 MiB,14.9 MiB,15.3 MiB,20.9 MiB,19.0 MiB
2024-09-10 09:59:20,32.9 MiB,186 MiB,14.3 MiB,14.3 MiB,9.59 MiB,300 MiB,222 MiB,14.0 MiB,24.5 MiB,9.74 MiB,21.1 MiB,14.9 MiB,15.3 MiB,20.9 MiB,19.0 MiB
2024-09-10 09:59:30,32.9 MiB,186 MiB,14.3 MiB,14.3 MiB,9.59 MiB,283 MiB,224 MiB,14.0 MiB,24.5 MiB,9.74 MiB,21.1 MiB,14.9 MiB,15.3 MiB,20.9 MiB,19.0 MiB
2024-09-10 09:59:40,32.9 MiB,186 MiB,14.3 MiB,14.3 MiB,9.59 MiB,283 MiB,224 MiB,14.0 MiB,24.5 MiB,10.6 MiB,21.1 MiB,14.9 MiB,15.3 MiB,20.9 MiB,19.0 MiB
2024-09-10 09:59:50,32.9 MiB,186 MiB,14.3 MiB,14.3 MiB,9.59 MiB,283 MiB,224 MiB,14.0 MiB,24.9 MiB,10.6 MiB,21.1 MiB,14.9 MiB,15.3 MiB,20.9 MiB,19.0 MiB
2024-09-10 10:00:00,32.9 MiB,186 MiB,14.3 MiB,14.3 MiB,9.59 MiB,283 MiB,225 MiB,14.0 MiB,24.9 MiB,9.71 MiB,21.1 MiB,14.9 MiB,15.3 MiB,20.9 MiB,19.0 MiB
2024-09-10 10:00:10,32.9 MiB,186 MiB,14.3 MiB,14.3 MiB,9.59 MiB,283 MiB,225 MiB,14.0 MiB,24.6 MiB,9.71 MiB,21.1 MiB,14.9 MiB,15.3 MiB,20.9 MiB,19.0 MiB
2024-09-10 10:00:20,32.9 MiB,199 MiB,14.3 MiB,14.3 MiB,9.59 MiB,283 MiB,225 MiB,14.0 MiB,24.6 MiB,9.71 MiB,21.1 MiB,14.9 MiB,15.3 MiB,20.9 MiB,19.0 MiB
2024-09-10 10:00:30,32.9 MiB,186 MiB,14.3 MiB,14.3 MiB,9.59 MiB,283 MiB,225 MiB,14.1 MiB,24.6 MiB,9.54 MiB,21.1 MiB,14.9 MiB,15.3 MiB,20.9 MiB,19.0 MiB
2024-09-10 10:00:40,32.9 MiB,186 MiB,14.3 MiB,14.3 MiB,9.59 MiB,283 MiB,225 MiB,14.1 MiB,24.6 MiB,9.45 MiB,21.1 MiB,14.9 MiB,15.3 MiB,20.9 MiB,19.0 MiB
2024-09-10 10:00:50,32.9 MiB,186 MiB,14.3 MiB,14.3 MiB,9.59 MiB,283 MiB,225 MiB,14.2 MiB,24.6 MiB,9.45 MiB,21.1 MiB,14.9 MiB,15.3 MiB,20.9 MiB,19.0 MiB
2024-09-10 10:01:00,32.9 MiB,186 MiB,14.3 MiB,14.3 MiB,9.59 MiB,275 MiB,224 MiB,14.0 MiB,24.6 MiB,9.82 MiB,21.1 MiB,14.9 MiB,15.3 MiB,20.9 MiB,19.0 MiB
2024-09-10 10:01:10,32.9 MiB,186 MiB,14.3 MiB,14.3 MiB,9.59 MiB,268 MiB,225 MiB,14.0 MiB,24.6 MiB,9.82 MiB,21.1 MiB,14.9 MiB,15.3 MiB,20.9 MiB,19.0 MiB
2024-09-10 10:01:20,32.9 MiB,186 MiB,14.3 MiB,14.3 MiB,9.59 MiB,268 MiB,225 MiB,14.0 MiB,24.6 MiB,9.90 MiB,21.1 MiB,14.9 MiB,15.3 MiB,20.7 MiB,19.0 MiB
2024-09-10 10:01:30,32.9 MiB,186 MiB,14.3 MiB,14.3 MiB,9.59 MiB,270 MiB,225 MiB,14.0 MiB,24.6 MiB,9.96 MiB,21.1 MiB,14.9 MiB,15.3 MiB,20.8 MiB,19.0 MiB
2024-09-10 10:01:40,32.9 MiB,186 MiB,14.3 MiB,14.3 MiB,9.59 MiB,273 MiB,225 MiB,14.0 MiB,24.6 MiB,9.96 MiB,21.1 MiB,14.9 MiB,15.3 MiB,21.0 MiB,19.0 MiB
2024-09-10 10:01:50,32.9 MiB,186 MiB,14.3 MiB,14.3 MiB,9.59 MiB,273 MiB,225 MiB,14.0 MiB,24.6 MiB,9.80 MiB,21.1 MiB,14.9 MiB,15.3 MiB,21.0 MiB,19.0 MiB
2024-09-10 10:02:00,32.9 MiB,186 MiB,14.3 MiB,14.3 MiB,9.59 MiB,266 MiB,225 MiB,14.0 MiB,24.6 MiB,9.66 MiB,21.1 MiB,14.9 MiB,15.3 MiB,21.1 MiB,19.0 MiB
2024-09-10 10:02:10,32.9 MiB,186 MiB,14.3 MiB,14.3 MiB,9.59 MiB,266 MiB,225 MiB,14.0 MiB,24.7 MiB,9.66 MiB,21.1 MiB,14.9 MiB,15.3 MiB,21.4 MiB,19.1 MiB
2024-09-10 10:02:20,32.9 MiB,186 MiB,14.3 MiB,14.3 MiB,9.59 MiB,264 MiB,225 MiB,14.0 MiB,24.7 MiB,10.8 MiB,21.1 MiB,14.9 MiB,15.3 MiB,21.7 MiB,19.1 MiB
2024-09-10 10:02:30,32.9 MiB,186 MiB,14.3 MiB,14.3 MiB,9.59 MiB,264 MiB,225 MiB,14.0 MiB,24.7 MiB,10.8 MiB,21.2 MiB,14.9 MiB,15.3 MiB,21.7 MiB,19.1 MiB
2024-09-10 10:02:40,32.9 MiB,186 MiB,14.3 MiB,14.3 MiB,9.59 MiB,265 MiB,225 MiB,14.0 MiB,24.7 MiB,10.3 MiB,21.2 MiB,14.9 MiB,15.3 MiB,21.9 MiB,19.1 MiB
2024-09-10 10:02:50,32.9 MiB,186 MiB,14.3 MiB,14.3 MiB,9.59 MiB,266 MiB,225 MiB,14.0 MiB,24.7 MiB,9.68 MiB,21.2 MiB,14.9 MiB,15.3 MiB,22.1 MiB,19.1 MiB
2024-09-10 10:03:00,32.9 MiB,186 MiB,14.3 MiB,14.3 MiB,9.59 MiB,266 MiB,225 MiB,14.0 MiB,24.7 MiB,9.68 MiB,21.2 MiB,14.9 MiB,15.3 MiB,22.2 MiB,19.1 MiB
2024-09-10 10:03:10,32.9 MiB,186 MiB,14.3 MiB,14.3 MiB,9.59 MiB,267 MiB,225 MiB,14 MiB,24.7 MiB,11.2 MiB,21.2 MiB,14.9 MiB,15.3 MiB,22.2 MiB,19.1 MiB
2024-09-10 10:03:20,32.9 MiB,186 MiB,14.3 MiB,14.3 MiB,9.59 MiB,267 MiB,225 MiB,14 MiB,24.7 MiB,11.4 MiB,21.2 MiB,14.9 MiB,15.3 MiB,22.5 MiB,19.1 MiB
2024-09-10 10:03:30,32.9 MiB,186 MiB,14.3 MiB,14.3 MiB,9.59 MiB,267 MiB,225 MiB,14 MiB,24.7 MiB,11.4 MiB,21.2 MiB,14.9 MiB,15.3 MiB,22.5 MiB,19.1 MiB
2024-09-10 10:03:40,32.9 MiB,186 MiB,14.3 MiB,14.3 MiB,9.59 MiB,276 MiB,225 MiB,14 MiB,24.7 MiB,10.1 MiB,21.2 MiB,14.9 MiB,15.3 MiB,22.7 MiB,19.1 MiB
2024-09-10 10:03:50,32.9 MiB,186 MiB,14.3 MiB,14.3 MiB,9.59 MiB,277 MiB,225 MiB,14 MiB,24.7 MiB,10.1 MiB,21.2 MiB,14.9 MiB,15.3 MiB,22.7 MiB,19.1 MiB
2024-09-10 10:04:00,32.9 MiB,186 MiB,14.3 MiB,14.3 MiB,9.59 MiB,290 MiB,225 MiB,14 MiB,24.7 MiB,10.3 MiB,21.2 MiB,14.9 MiB,15.3 MiB,22.9 MiB,19.1 MiB
2024-09-10 10:04:10,32.9 MiB,186 MiB,14.3 MiB,14.3 MiB,9.59 MiB,290 MiB,225 MiB,14 MiB,24.7 MiB,9.67 MiB,21.2 MiB,14.9 MiB,15.3 MiB,23.1 MiB,19.1 MiB
2024-09-10 10:04:20,32.9 MiB,186 MiB,14.3 MiB,14.3 MiB,9.59 MiB,301 MiB,225 MiB,14 MiB,24.7 MiB,9.89 MiB,21.2 MiB,14.9 MiB,15.3 MiB,23.1 MiB,19.1 MiB
2024-09-10 10:04:30,32.9 MiB,186 MiB,14.3 MiB,14.3 MiB,9.59 MiB,318 MiB,225 MiB,14 MiB,24.7 MiB,10.4 MiB,21.2 MiB,14.9 MiB,15.3 MiB,23.4 MiB,19.1 MiB
2024-09-10 10:04:40,32.9 MiB,186 MiB,14.3 MiB,14.3 MiB,9.59 MiB,318 MiB,227 MiB,14 MiB,24.7 MiB,10.4 MiB,21.2 MiB,14.9 MiB,15.3 MiB,23.8 MiB,19.1 MiB
2024-09-10 10:04:50,32.9 MiB,186 MiB,14.3 MiB,14.3 MiB,9.59 MiB,335 MiB,227 MiB,14 MiB,24.7 MiB,11.3 MiB,21.2 MiB,14.9 MiB,15.3 MiB,23.8 MiB,18.8 MiB
2024-09-10 10:05:00,32.9 MiB,186 MiB,14.3 MiB,14.3 MiB,9.59 MiB,335 MiB,227 MiB,14 MiB,24.7 MiB,11.3 MiB,21.2 MiB,14.9 MiB,15.3 MiB,24.1 MiB,18.8 MiB
2024-09-10 10:05:10,32.9 MiB,186 MiB,14.3 MiB,14.3 MiB,9.59 MiB,337 MiB,227 MiB,14 MiB,24.7 MiB,9.79 MiB,21.2 MiB,14.9 MiB,15.3 MiB,24.4 MiB,18.8 MiB
2024-09-10 10:05:20,32.9 MiB,186 MiB,14.3 MiB,14.3 MiB,9.59 MiB,297 MiB,227 MiB,14 MiB,24.7 MiB,9.79 MiB,21.2 MiB,14.9 MiB,15.3 MiB,24.4 MiB,18.8 MiB
2024-09-10 10:05:30,32.9 MiB,186 MiB,14.3 MiB,14.3 MiB,9.59 MiB,299 MiB,222 MiB,14 MiB,24.7 MiB,10.6 MiB,21.2 MiB,14.9 MiB,15.3 MiB,24.7 MiB,18.8 MiB
2024-09-10 10:05:40,32.9 MiB,186 MiB,14.3 MiB,14.3 MiB,9.59 MiB,299 MiB,222 MiB,14.0 MiB,24.7 MiB,10.7 MiB,21.2 MiB,14.9 MiB,15.3 MiB,25.1 MiB,18.8 MiB
2024-09-10 10:05:50,32.9 MiB,186 MiB,14.3 MiB,14.3 MiB,9.59 MiB,322 MiB,222 MiB,14.0 MiB,24.7 MiB,10.7 MiB,21.2 MiB,14.9 MiB,15.3 MiB,25.1 MiB,18.6 MiB
2024-09-10 10:06:00,32.9 MiB,186 MiB,14.3 MiB,14.3 MiB,9.59 MiB,322 MiB,222 MiB,14.0 MiB,24.7 MiB,10.3 MiB,21.2 MiB,14.9 MiB,15.3 MiB,25.4 MiB,18.6 MiB
2024-09-10 10:06:10,32.9 MiB,186 MiB,14.3 MiB,14.3 MiB,9.59 MiB,334 MiB,222 MiB,14.0 MiB,24.7 MiB,10.3 MiB,21.2 MiB,14.9 MiB,15.3 MiB,25.7 MiB,18.6 MiB
2024-09-10 10:06:20,32.9 MiB,186 MiB,14.3 MiB,14.3 MiB,9.59 MiB,334 MiB,222 MiB,14.0 MiB,24.7 MiB,9.57 MiB,21.2 MiB,14.9 MiB,15.3 MiB,25.7 MiB,18.6 MiB
2024-09-10 10:06:30,32.9 MiB,186 MiB,14.3 MiB,14.3 MiB,9.59 MiB,345 MiB,228 MiB,14.0 MiB,24.7 MiB,11.0 MiB,21.2 MiB,14.9 MiB,15.3 MiB,26.0 MiB,18.6 MiB
2024-09-10 10:06:40,32.9 MiB,186 MiB,14.3 MiB,14.3 MiB,9.59 MiB,347 MiB,228 MiB,14.0 MiB,24.7 MiB,11.0 MiB,21.2 MiB,14.9 MiB,15.3 MiB,26.3 MiB,18.6 MiB
2024-09-10 10:06:50,32.9 MiB,186 MiB,14.3 MiB,14.3 MiB,9.59 MiB,350 MiB,228 MiB,14.0 MiB,24.7 MiB,10.5 MiB,21.2 MiB,14.9 MiB,15.3 MiB,26.7 MiB,18.6 MiB
2024-09-10 10:07:00,32.9 MiB,186 MiB,14.3 MiB,14.3 MiB,9.59 MiB,350 MiB,228 MiB,14.0 MiB,24.7 MiB,9.75 MiB,21.2 MiB,14.9 MiB,15.3 MiB,26.7 MiB,18.6 MiB
2024-09-10 10:07:10,32.9 MiB,186 MiB,14.3 MiB,14.3 MiB,9.59 MiB,351 MiB,228 MiB,14.0 MiB,24.7 MiB,11.0 MiB,21.2 MiB,14.9 MiB,15.3 MiB,27.0 MiB,18.6 MiB
2024-09-10 10:07:20,32.9 MiB,186 MiB,14.3 MiB,14.3 MiB,9.59 MiB,351 MiB,228 MiB,14.0 MiB,24.8 MiB,11.3 MiB,21.2 MiB,14.9 MiB,15.3 MiB,27.3 MiB,18.6 MiB
2024-09-10 10:07:30,32.9 MiB,186 MiB,14.3 MiB,14.3 MiB,9.59 MiB,351 MiB,228 MiB,14.0 MiB,24.8 MiB,11.3 MiB,21.2 MiB,14.9 MiB,15.3 MiB,27.3 MiB,18.6 MiB
2024-09-10 10:07:40,32.9 MiB,186 MiB,14.3 MiB,14.3 MiB,9.59 MiB,352 MiB,228 MiB,14.0 MiB,24.8 MiB,9.67 MiB,21.2 MiB,14.9 MiB,15.3 MiB,27.6 MiB,18.6 MiB
2024-09-10 10:07:50,32.9 MiB,186 MiB,14.3 MiB,14.3 MiB,9.59 MiB,352 MiB,228 MiB,14.0 MiB,24.8 MiB,9.93 MiB,21.2 MiB,14.9 MiB,15.3 MiB,27.7 MiB,18.7 MiB
2024-09-10 10:08:00,32.9 MiB,186 MiB,14.3 MiB,14.3 MiB,9.59 MiB,352 MiB,228 MiB,14.0 MiB,24.8 MiB,9.93 MiB,21.2 MiB,14.9 MiB,15.3 MiB,27.7 MiB,18.7 MiB
2024-09-10 10:08:10,32.9 MiB,187 MiB,14.3 MiB,14.3 MiB,9.59 MiB,352 MiB,228 MiB,14.0 MiB,24.8 MiB,11.4 MiB,21.2 MiB,14.9 MiB,15.3 MiB,27.7 MiB,18.7 MiB
2024-09-10 10:08:20,32.9 MiB,187 MiB,14.3 MiB,14.3 MiB,9.59 MiB,367 MiB,228 MiB,14.1 MiB,24.8 MiB,11.4 MiB,21.2 MiB,14.9 MiB,15.3 MiB,27.7 MiB,18.9 MiB
2024-09-10 10:08:30,32.9 MiB,187 MiB,14.3 MiB,14.3 MiB,9.59 MiB,381 MiB,228 MiB,14.1 MiB,24.8 MiB,10.5 MiB,21.2 MiB,14.9 MiB,15.3 MiB,27.7 MiB,18.9 MiB
2024-09-10 10:08:40,32.9 MiB,187 MiB,14.3 MiB,14.3 MiB,9.59 MiB,390 MiB,228 MiB,14.1 MiB,24.8 MiB,11.3 MiB,21.2 MiB,14.9 MiB,15.3 MiB,27.7 MiB,18.9 MiB
2024-09-10 10:08:50,32.9 MiB,187 MiB,14.3 MiB,14.3 MiB,9.59 MiB,390 MiB,228 MiB,14.1 MiB,24.8 MiB,10.4 MiB,21.2 MiB,14.9 MiB,15.3 MiB,27.7 MiB,18.9 MiB
2024-09-10 10:09:00,32.9 MiB,187 MiB,14.3 MiB,14.3 MiB,9.59 MiB,399 MiB,228 MiB,14.2 MiB,24.8 MiB,10.4 MiB,21.2 MiB,14.9 MiB,15.3 MiB,27.7 MiB,18.9 MiB
2024-09-10 10:09:10,32.9 MiB,187 MiB,14.3 MiB,14.3 MiB,9.59 MiB,400 MiB,228 MiB,14.2 MiB,24.8 MiB,9.77 MiB,21.2 MiB,14.9 MiB,15.3 MiB,27.7 MiB,18.9 MiB
2024-09-10 10:09:20,32.9 MiB,187 MiB,14.3 MiB,14.3 MiB,9.59 MiB,395 MiB,228 MiB,14.3 MiB,24.8 MiB,9.81 MiB,21.2 MiB,14.9 MiB,15.3 MiB,22.9 MiB,18.9 MiB
2024-09-10 10:09:30,32.9 MiB,187 MiB,14.3 MiB,14.3 MiB,9.59 MiB,395 MiB,228 MiB,14.5 MiB,24.8 MiB,9.75 MiB,21.2 MiB,14.9 MiB,15.3 MiB,22.9 MiB,18.9 MiB
2024-09-10 10:09:40,32.9 MiB,187 MiB,14.3 MiB,14.3 MiB,9.59 MiB,366 MiB,228 MiB,14.5 MiB,24.8 MiB,9.75 MiB,21.2 MiB,14.9 MiB,15.3 MiB,22.8 MiB,18.9 MiB
2024-09-10 10:09:50,32.9 MiB,187 MiB,14.3 MiB,14.3 MiB,9.59 MiB,366 MiB,228 MiB,14.7 MiB,24.8 MiB,9.86 MiB,21.2 MiB,14.9 MiB,15.3 MiB,22.8 MiB,18.9 MiB
2024-09-10 10:10:00,32.9 MiB,187 MiB,14.3 MiB,14.3 MiB,9.59 MiB,366 MiB,228 MiB,14.8 MiB,24.8 MiB,9.86 MiB,21.2 MiB,14.9 MiB,15.3 MiB,22.8 MiB,18.9 MiB
2024-09-10 10:10:10,32.9 MiB,187 MiB,14.3 MiB,14.3 MiB,9.59 MiB,350 MiB,228 MiB,14.8 MiB,24.8 MiB,11.4 MiB,21.2 MiB,14.9 MiB,15.3 MiB,22.7 MiB,18.9 MiB
2024-09-10 10:10:20,32.9 MiB,187 MiB,14.3 MiB,14.3 MiB,9.59 MiB,350 MiB,228 MiB,14.5 MiB,24.8 MiB,11.4 MiB,21.2 MiB,14.9 MiB,15.3 MiB,22.7 MiB,18.9 MiB
2024-09-10 10:10:30,32.9 MiB,187 MiB,14.3 MiB,14.3 MiB,9.59 MiB,350 MiB,228 MiB,14.5 MiB,24.8 MiB,11.0 MiB,21.2 MiB,14.9 MiB,15.3 MiB,22.7 MiB,18.9 MiB
2024-09-10 10:10:40,32.9 MiB,187 MiB,14.3 MiB,14.3 MiB,9.59 MiB,350 MiB,228 MiB,14.5 MiB,24.6 MiB,11.0 MiB,21.2 MiB,14.9 MiB,15.3 MiB,22.7 MiB,18.9 MiB
2024-09-10 10:10:50,32.9 MiB,187 MiB,14.3 MiB,14.3 MiB,9.59 MiB,350 MiB,228 MiB,14.5 MiB,24.6 MiB,9.91 MiB,21.2 MiB,14.9 MiB,15.3 MiB,22.7 MiB,18.9 MiB
2024-09-10 10:11:00,32.9 MiB,187 MiB,14.3 MiB,14.3 MiB,9.59 MiB,350 MiB,228 MiB,14.5 MiB,24.8 MiB,9.96 MiB,21.1 MiB,14.9 MiB,15.3 MiB,22.7 MiB,18.9 MiB
2024-09-10 10:11:10,32.9 MiB,187 MiB,14.3 MiB,14.3 MiB,9.59 MiB,350 MiB,228 MiB,14.5 MiB,24.8 MiB,10.1 MiB,21.1 MiB,14.9 MiB,15.3 MiB,22.7 MiB,18.9 MiB
2024-09-10 10:11:20,32.9 MiB,187 MiB,14.3 MiB,14.3 MiB,9.59 MiB,342 MiB,228 MiB,14.5 MiB,24.6 MiB,10.1 MiB,21.1 MiB,14.9 MiB,15.3 MiB,22.7 MiB,18.9 MiB
2024-09-10 10:11:30,32.9 MiB,187 MiB,14.3 MiB,14.3 MiB,9.59 MiB,342 MiB,226 MiB,14.5 MiB,24.6 MiB,9.92 MiB,21.1 MiB,14.9 MiB,15.3 MiB,22.7 MiB,18.9 MiB
2024-09-10 10:11:40,32.9 MiB,187 MiB,14.3 MiB,14.3 MiB,9.59 MiB,342 MiB,226 MiB,14.5 MiB,24.6 MiB,9.50 MiB,21.1 MiB,14.9 MiB,15.3 MiB,22.7 MiB,18.9 MiB
2024-09-10 10:11:50,32.9 MiB,187 MiB,14.3 MiB,14.3 MiB,9.59 MiB,342 MiB,226 MiB,14.5 MiB,24.6 MiB,9.50 MiB,21.1 MiB,14.9 MiB,15.3 MiB,22.7 MiB,18.9 MiB
2024-09-10 10:12:00,32.9 MiB,187 MiB,14.3 MiB,14.3 MiB,9.59 MiB,342 MiB,226 MiB,14.5 MiB,24.6 MiB,9.70 MiB,21.1 MiB,14.9 MiB,15.3 MiB,22.7 MiB,18.9 MiB
2024-09-10 10:12:10,32.9 MiB,187 MiB,14.3 MiB,14.3 MiB,9.59 MiB,326 MiB,226 MiB,14.5 MiB,24.6 MiB,10.2 MiB,21.1 MiB,14.9 MiB,15.3 MiB,22.7 MiB,18.9 MiB
2024-09-10 10:12:20,32.9 MiB,187 MiB,14.3 MiB,14.3 MiB,9.59 MiB,326 MiB,226 MiB,14.5 MiB,24.6 MiB,10.2 MiB,21.1 MiB,15.0 MiB,15.3 MiB,22.7 MiB,18.9 MiB
2024-09-10 10:12:30,32.9 MiB,187 MiB,14.3 MiB,14.3 MiB,9.59 MiB,325 MiB,227 MiB,14.5 MiB,24.6 MiB,10.2 MiB,21.1 MiB,15.0 MiB,15.3 MiB,22.7 MiB,18.9 MiB
2024-09-10 10:12:40,32.9 MiB,187 MiB,14.3 MiB,14.3 MiB,9.59 MiB,325 MiB,227 MiB,14.5 MiB,24.6 MiB,10.2 MiB,21.1 MiB,15.0 MiB,15.3 MiB,22.8 MiB,19.1 MiB
2024-09-10 10:12:50,32.9 MiB,187 MiB,14.3 MiB,14.3 MiB,9.59 MiB,325 MiB,227 MiB,14.5 MiB,24.6 MiB,11.3 MiB,21.1 MiB,14.9 MiB,15.3 MiB,22.8 MiB,18.9 MiB
2024-09-10 10:13:00,32.9 MiB,187 MiB,14.3 MiB,14.3 MiB,9.59 MiB,325 MiB,227 MiB,14.5 MiB,24.6 MiB,11.3 MiB,21.1 MiB,14.9 MiB,15.3 MiB,22.8 MiB,18.9 MiB
2024-09-10 10:13:10,32.9 MiB,187 MiB,14.3 MiB,14.3 MiB,9.59 MiB,326 MiB,227 MiB,14.5 MiB,24.6 MiB,10.9 MiB,21.1 MiB,14.9 MiB,15.3 MiB,23.0 MiB,18.9 MiB
2024-09-10 10:13:20,32.9 MiB,187 MiB,14.3 MiB,14.3 MiB,9.59 MiB,326 MiB,227 MiB,14.5 MiB,24.6 MiB,10.9 MiB,21.1 MiB,14.9 MiB,15.3 MiB,23.0 MiB,18.9 MiB
2024-09-10 10:13:30,32.9 MiB,187 MiB,14.3 MiB,14.3 MiB,9.59 MiB,326 MiB,227 MiB,14.5 MiB,24.6 MiB,10.7 MiB,21.1 MiB,14.9 MiB,15.4 MiB,23.1 MiB,18.9 MiB
2024-09-10 10:13:40,32.9 MiB,187 MiB,14.3 MiB,14.3 MiB,9.59 MiB,326 MiB,227 MiB,14.5 MiB,24.6 MiB,10.7 MiB,21.1 MiB,14.9 MiB,15.4 MiB,23.2 MiB,18.9 MiB
2024-09-10 10:13:50,32.9 MiB,187 MiB,14.3 MiB,14.3 MiB,9.59 MiB,326 MiB,228 MiB,14.5 MiB,23.7 MiB,10.8 MiB,21.1 MiB,14.9 MiB,15.4 MiB,23.4 MiB,18.9 MiB
2024-09-10 10:14:00,32.9 MiB,187 MiB,14.3 MiB,14.3 MiB,9.59 MiB,326 MiB,228 MiB,14.6 MiB,23.7 MiB,10.4 MiB,21.1 MiB,14.9 MiB,15.4 MiB,23.4 MiB,18.9 MiB
2024-09-10 10:14:10,32.9 MiB,187 MiB,14.3 MiB,14.3 MiB,9.59 MiB,327 MiB,228 MiB,14.6 MiB,24.3 MiB,9.96 MiB,21.1 MiB,14.9 MiB,15.4 MiB,23.6 MiB,19.0 MiB
2024-09-10 10:14:20,32.9 MiB,187 MiB,14.3 MiB,14.3 MiB,9.59 MiB,327 MiB,228 MiB,14.6 MiB,23.8 MiB,9.96 MiB,21.1 MiB,14.9 MiB,15.4 MiB,23.8 MiB,19.0 MiB
2024-09-10 10:14:30,32.9 MiB,187 MiB,14.3 MiB,14.3 MiB,9.59 MiB,328 MiB,228 MiB,14.6 MiB,23.8 MiB,9.72 MiB,21.1 MiB,14.9 MiB,15.4 MiB,23.9 MiB,19.0 MiB
2024-09-10 10:14:40,32.9 MiB,187 MiB,14.3 MiB,14.3 MiB,9.59 MiB,328 MiB,228 MiB,14.6 MiB,23.8 MiB,9.72 MiB,21.1 MiB,14.9 MiB,15.4 MiB,23.9 MiB,19.1 MiB
2024-09-10 10:14:50,32.9 MiB,187 MiB,14.3 MiB,14.3 MiB,9.59 MiB,328 MiB,228 MiB,14.6 MiB,23.8 MiB,9.62 MiB,21.1 MiB,14.9 MiB,15.4 MiB,22.3 MiB,19.1 MiB
2024-09-10 10:15:00,32.9 MiB,187 MiB,14.3 MiB,14.3 MiB,9.59 MiB,328 MiB,228 MiB,14.6 MiB,23.8 MiB,9.74 MiB,21.2 MiB,14.9 MiB,15.4 MiB,22.3 MiB,19.0 MiB
2024-09-10 10:15:10,32.9 MiB,187 MiB,14.3 MiB,14.3 MiB,9.59 MiB,329 MiB,228 MiB,14.6 MiB,23.8 MiB,9.74 MiB,21.2 MiB,14.9 MiB,15.4 MiB,22.7 MiB,19.0 MiB
2024-09-10 10:15:20,32.9 MiB,187 MiB,14.3 MiB,14.3 MiB,9.59 MiB,329 MiB,229 MiB,14.6 MiB,23.8 MiB,10.1 MiB,21.1 MiB,14.9 MiB,15.4 MiB,22.9 MiB,19.0 MiB
2024-09-10 10:15:30,32.9 MiB,187 MiB,14.3 MiB,14.3 MiB,9.59 MiB,329 MiB,229 MiB,14.6 MiB,23.9 MiB,9.93 MiB,21.1 MiB,14.9 MiB,15.4 MiB,23.2 MiB,19.0 MiB
2024-09-10 10:15:40,32.9 MiB,187 MiB,14.3 MiB,14.3 MiB,9.59 MiB,330 MiB,229 MiB,14.6 MiB,23.9 MiB,9.93 MiB,21.1 MiB,14.9 MiB,15.4 MiB,23.2 MiB,19.0 MiB
2024-09-10 10:15:50,32.9 MiB,187 MiB,14.3 MiB,14.3 MiB,9.59 MiB,330 MiB,229 MiB,14.6 MiB,23.9 MiB,9.74 MiB,21.1 MiB,14.9 MiB,15.4 MiB,23.4 MiB,19.0 MiB
2024-09-10 10:16:00,32.9 MiB,187 MiB,14.3 MiB,14.3 MiB,9.59 MiB,330 MiB,228 MiB,14.6 MiB,23.9 MiB,9.74 MiB,21.1 MiB,14.9 MiB,15.4 MiB,23.8 MiB,19.0 MiB
2024-09-10 10:16:10,32.9 MiB,187 MiB,14.3 MiB,14.3 MiB,9.59 MiB,331 MiB,228 MiB,14.6 MiB,23.9 MiB,11.4 MiB,21.1 MiB,14.9 MiB,15.4 MiB,23.8 MiB,19.0 MiB
2024-09-10 10:16:20,32.9 MiB,187 MiB,14.3 MiB,14.3 MiB,9.59 MiB,331 MiB,228 MiB,14.6 MiB,23.9 MiB,11.0 MiB,21.1 MiB,14.9 MiB,15.4 MiB,24.1 MiB,19.0 MiB
2024-09-10 10:16:30,32.9 MiB,187 MiB,14.3 MiB,14.3 MiB,9.59 MiB,331 MiB,227 MiB,14.6 MiB,23.9 MiB,11.0 MiB,21.1 MiB,14.9 MiB,15.4 MiB,24.4 MiB,19.0 MiB
2024-09-10 10:16:40,32.8 MiB,187 MiB,14.3 MiB,14.3 MiB,9.59 MiB,332 MiB,227 MiB,14.6 MiB,23.9 MiB,10.9 MiB,21.1 MiB,14.9 MiB,15.4 MiB,24.4 MiB,19.0 MiB
2024-09-10 10:16:50,32.8 MiB,188 MiB,14.3 MiB,14.3 MiB,9.59 MiB,332 MiB,227 MiB,14.6 MiB,24.4 MiB,10.2 MiB,21.1 MiB,14.9 MiB,15.4 MiB,24.8 MiB,19.0 MiB
2024-09-10 10:17:00,32.8 MiB,188 MiB,14.3 MiB,14.3 MiB,9.59 MiB,333 MiB,227 MiB,14.6 MiB,24.4 MiB,9.72 MiB,21.1 MiB,14.9 MiB,15.4 MiB,25.0 MiB,19.0 MiB
2024-09-10 10:17:10,32.8 MiB,187 MiB,14.3 MiB,14.3 MiB,9.59 MiB,333 MiB,227 MiB,14.6 MiB,24.4 MiB,9.72 MiB,21.1 MiB,14.9 MiB,15.4 MiB,25.0 MiB,19.0 MiB
2024-09-10 10:17:20,32.8 MiB,188 MiB,14.3 MiB,14.3 MiB,9.59 MiB,333 MiB,227 MiB,14.6 MiB,24.4 MiB,10.1 MiB,21.1 MiB,14.9 MiB,15.4 MiB,25.3 MiB,19.0 MiB
2024-09-10 10:17:30,32.8 MiB,188 MiB,14.3 MiB,14.3 MiB,9.59 MiB,333 MiB,227 MiB,14.6 MiB,24.4 MiB,10.1 MiB,21.1 MiB,14.9 MiB,15.4 MiB,25.6 MiB,19.0 MiB
2024-09-10 10:17:40,32.8 MiB,187 MiB,14.3 MiB,14.4 MiB,9.59 MiB,334 MiB,227 MiB,14.6 MiB,24.4 MiB,11.5 MiB,21.1 MiB,14.9 MiB,15.4 MiB,25.6 MiB,19.0 MiB
2024-09-10 10:17:50,32.8 MiB,187 MiB,14.3 MiB,14.4 MiB,9.59 MiB,334 MiB,227 MiB,14.6 MiB,24.4 MiB,11.8 MiB,21.1 MiB,14.9 MiB,15.4 MiB,26.0 MiB,19.0 MiB
2024-09-10 10:18:00,32.8 MiB,187 MiB,14.3 MiB,14.4 MiB,9.59 MiB,334 MiB,227 MiB,14.6 MiB,24.5 MiB,9.92 MiB,21.1 MiB,14.9 MiB,15.4 MiB,26.5 MiB,19.0 MiB
2024-09-10 10:18:10,32.8 MiB,187 MiB,14.3 MiB,14.4 MiB,9.59 MiB,335 MiB,227 MiB,14.6 MiB,24.5 MiB,9.92 MiB,21.1 MiB,14.9 MiB,15.4 MiB,26.6 MiB,19.0 MiB
2024-09-10 10:18:20,32.8 MiB,187 MiB,14.3 MiB,14.4 MiB,9.59 MiB,335 MiB,227 MiB,14.7 MiB,24.5 MiB,10.0 MiB,21.1 MiB,14.9 MiB,15.4 MiB,26.6 MiB,19.0 MiB
2024-09-10 10:18:30,32.8 MiB,187 MiB,14.3 MiB,14.4 MiB,9.59 MiB,336 MiB,227 MiB,14.7 MiB,24.5 MiB,10.0 MiB,21.1 MiB,14.9 MiB,15.4 MiB,26.9 MiB,19.0 MiB
2024-09-10 10:18:40,32.8 MiB,187 MiB,14.3 MiB,14.4 MiB,9.59 MiB,336 MiB,227 MiB,14.7 MiB,24.5 MiB,9.89 MiB,21.1 MiB,14.9 MiB,15.4 MiB,27.2 MiB,19.0 MiB
2024-09-10 10:18:50,32.8 MiB,187 MiB,14.3 MiB,14.4 MiB,9.59 MiB,344 MiB,227 MiB,14.7 MiB,24.5 MiB,9.95 MiB,21.1 MiB,14.9 MiB,15.4 MiB,27.2 MiB,19.0 MiB
2024-09-10 10:19:00,32.8 MiB,187 MiB,14.3 MiB,14.4 MiB,9.59 MiB,367 MiB,227 MiB,14.7 MiB,24.5 MiB,9.95 MiB,21.1 MiB,14.9 MiB,15.4 MiB,27.6 MiB,19.0 MiB
2024-09-10 10:19:10,32.8 MiB,187 MiB,14.3 MiB,14.4 MiB,9.59 MiB,367 MiB,227 MiB,14.7 MiB,24.5 MiB,11.2 MiB,21.1 MiB,14.9 MiB,15.4 MiB,27.9 MiB,19.0 MiB
2024-09-10 10:19:20,32.8 MiB,187 MiB,14.3 MiB,14.4 MiB,9.59 MiB,369 MiB,226 MiB,14.7 MiB,24.5 MiB,9.93 MiB,21.1 MiB,14.9 MiB,15.4 MiB,27.9 MiB,19.0 MiB
2024-09-10 10:19:30,32.8 MiB,187 MiB,14.3 MiB,14.4 MiB,9.59 MiB,369 MiB,226 MiB,14.7 MiB,24.8 MiB,9.93 MiB,21.1 MiB,14.9 MiB,15.4 MiB,28.3 MiB,19.0 MiB
2024-09-10 10:19:40,32.8 MiB,187 MiB,14.3 MiB,14.4 MiB,9.59 MiB,372 MiB,226 MiB,14.7 MiB,24.8 MiB,9.93 MiB,21.1 MiB,14.9 MiB,15.4 MiB,28.6 MiB,19.0 MiB
2024-09-10 10:19:50,32.8 MiB,187 MiB,14.3 MiB,14.4 MiB,9.59 MiB,373 MiB,226 MiB,14.7 MiB,24.8 MiB,9.89 MiB,21.1 MiB,14.9 MiB,15.4 MiB,28.6 MiB,19.0 MiB
2024-09-10 10:20:00,32.8 MiB,187 MiB,14.3 MiB,14.4 MiB,9.59 MiB,373 MiB,226 MiB,14.7 MiB,24.8 MiB,10.1 MiB,21.1 MiB,14.9 MiB,15.4 MiB,28.9 MiB,19.0 MiB
2024-09-10 10:20:10,32.8 MiB,187 MiB,14.3 MiB,14.4 MiB,9.59 MiB,366 MiB,226 MiB,14.7 MiB,24.8 MiB,10.1 MiB,21.1 MiB,14.9 MiB,15.4 MiB,29.4 MiB,19.0 MiB
2024-09-10 10:20:20,32.8 MiB,187 MiB,14.3 MiB,14.4 MiB,9.59 MiB,338 MiB,226 MiB,14.7 MiB,24.8 MiB,10.3 MiB,21.1 MiB,14.9 MiB,15.4 MiB,29.4 MiB,19.0 MiB
2024-09-10 10:20:30,32.8 MiB,187 MiB,14.3 MiB,14.4 MiB,9.59 MiB,338 MiB,226 MiB,14.7 MiB,24.8 MiB,10.8 MiB,21.1 MiB,14.9 MiB,15.4 MiB,29.5 MiB,19.0 MiB
2024-09-10 10:20:40,32.8 MiB,187 MiB,14.3 MiB,14.4 MiB,9.59 MiB,374 MiB,226 MiB,14.7 MiB,24.8 MiB,10.8 MiB,21.1 MiB,14.9 MiB,15.4 MiB,29.8 MiB,19.0 MiB
2024-09-10 10:20:50,32.8 MiB,187 MiB,14.3 MiB,14.4 MiB,9.59 MiB,387 MiB,226 MiB,14.7 MiB,24.8 MiB,11.1 MiB,21.1 MiB,14.9 MiB,15.4 MiB,30.2 MiB,19.0 MiB
2024-09-10 10:21:00,32.8 MiB,187 MiB,14.4 MiB,14.4 MiB,9.59 MiB,387 MiB,226 MiB,14.7 MiB,24.8 MiB,10.9 MiB,21.1 MiB,14.9 MiB,15.4 MiB,30.2 MiB,19.0 MiB
2024-09-10 10:21:10,32.8 MiB,187 MiB,14.4 MiB,14.4 MiB,9.59 MiB,408 MiB,226 MiB,14.7 MiB,24.8 MiB,10.9 MiB,21.1 MiB,14.9 MiB,15.4 MiB,30.6 MiB,19.0 MiB
2024-09-10 10:21:20,32.8 MiB,187 MiB,14.4 MiB,14.4 MiB,9.59 MiB,439 MiB,226 MiB,14.7 MiB,24.8 MiB,11.1 MiB,21.1 MiB,14.9 MiB,15.4 MiB,30.6 MiB,19.1 MiB
2024-09-10 10:21:30,32.8 MiB,187 MiB,14.4 MiB,14.4 MiB,9.59 MiB,439 MiB,226 MiB,14.7 MiB,24.8 MiB,11.3 MiB,21.1 MiB,14.9 MiB,15.4 MiB,30.9 MiB,19.1 MiB
2024-09-10 10:21:40,32.8 MiB,187 MiB,14.4 MiB,14.4 MiB,9.59 MiB,474 MiB,226 MiB,14.7 MiB,24.5 MiB,11.5 MiB,21.1 MiB,14.9 MiB,15.4 MiB,31.2 MiB,19.1 MiB
2024-09-10 10:21:50,32.8 MiB,187 MiB,14.4 MiB,14.4 MiB,9.59 MiB,503 MiB,226 MiB,14.7 MiB,24.5 MiB,11.5 MiB,21.1 MiB,14.9 MiB,15.4 MiB,31.4 MiB,19.1 MiB
2024-09-10 10:22:00,32.8 MiB,187 MiB,14.4 MiB,14.4 MiB,9.59 MiB,503 MiB,228 MiB,14.7 MiB,24.5 MiB,9.90 MiB,21.1 MiB,14.9 MiB,15.4 MiB,31.4 MiB,19.1 MiB
2024-09-10 10:22:10,32.8 MiB,187 MiB,14.4 MiB,14.4 MiB,9.59 MiB,537 MiB,228 MiB,14.7 MiB,24.5 MiB,9.90 MiB,21.1 MiB,14.9 MiB,15.4 MiB,31.8 MiB,19.1 MiB
2024-09-10 10:22:20,32.8 MiB,187 MiB,14.4 MiB,14.4 MiB,9.59 MiB,540 MiB,228 MiB,14.7 MiB,24.5 MiB,9.84 MiB,21.1 MiB,14.9 MiB,15.4 MiB,32.1 MiB,19.1 MiB
2024-09-10 10:22:30,32.8 MiB,187 MiB,14.4 MiB,14.4 MiB,9.59 MiB,540 MiB,228 MiB,14.7 MiB,24.5 MiB,10.1 MiB,21.1 MiB,14.9 MiB,15.4 MiB,32.1 MiB,19.1 MiB
2024-09-10 10:22:40,32.8 MiB,187 MiB,14.4 MiB,14.4 MiB,9.59 MiB,540 MiB,228 MiB,14.7 MiB,24.5 MiB,10.4 MiB,21.1 MiB,14.9 MiB,15.4 MiB,32.1 MiB,19.1 MiB
2024-09-10 10:22:50,32.8 MiB,187 MiB,14.4 MiB,14.4 MiB,9.59 MiB,540 MiB,228 MiB,14.7 MiB,24.5 MiB,10.4 MiB,21.1 MiB,14.9 MiB,15.4 MiB,32.1 MiB,19.1 MiB
2024-09-10 10:23:00,32.8 MiB,187 MiB,14.4 MiB,14.4 MiB,9.59 MiB,541 MiB,228 MiB,14.7 MiB,24.5 MiB,10.2 MiB,21.1 MiB,14.9 MiB,15.4 MiB,32.1 MiB,19.1 MiB
2024-09-10 10:23:10,32.8 MiB,187 MiB,14.4 MiB,14.4 MiB,9.59 MiB,541 MiB,228 MiB,14.7 MiB,24.5 MiB,9.93 MiB,21.1 MiB,14.9 MiB,15.4 MiB,32.1 MiB,19.1 MiB
2024-09-10 10:23:20,32.8 MiB,187 MiB,14.4 MiB,14.4 MiB,9.59 MiB,541 MiB,227 MiB,14.7 MiB,24.5 MiB,9.93 MiB,21.1 MiB,14.9 MiB,15.4 MiB,32.1 MiB,19.1 MiB
2024-09-10 10:23:30,32.8 MiB,187 MiB,14.4 MiB,14.4 MiB,9.59 MiB,541 MiB,227 MiB,14.7 MiB,24.5 MiB,10.2 MiB,21.1 MiB,14.9 MiB,15.4 MiB,32.1 MiB,19.1 MiB
2024-09-10 10:23:40,32.8 MiB,187 MiB,14.4 MiB,14.4 MiB,9.59 MiB,541 MiB,227 MiB,14.7 MiB,24.5 MiB,10.6 MiB,21.1 MiB,14.9 MiB,15.4 MiB,32.1 MiB,19.1 MiB
2024-09-10 10:23:50,32.8 MiB,187 MiB,14.4 MiB,14.4 MiB,9.59 MiB,541 MiB,227 MiB,14.7 MiB,24.5 MiB,11.3 MiB,21.1 MiB,14.9 MiB,15.4 MiB,32.1 MiB,19.1 MiB
2024-09-10 10:24:00,32.8 MiB,187 MiB,14.4 MiB,14.4 MiB,9.59 MiB,541 MiB,227 MiB,14.7 MiB,24.5 MiB,11.3 MiB,21.1 MiB,14.9 MiB,15.4 MiB,32.1 MiB,19.1 MiB
2024-09-10 10:24:10,32.8 MiB,187 MiB,14.4 MiB,14.4 MiB,9.59 MiB,407 MiB,227 MiB,14.7 MiB,24.8 MiB,9.94 MiB,21.1 MiB,14.9 MiB,15.4 MiB,32.1 MiB,19.1 MiB
2024-09-10 10:24:20,32.8 MiB,187 MiB,14.4 MiB,14.4 MiB,9.59 MiB,367 MiB,227 MiB,14.7 MiB,24.8 MiB,11.2 MiB,21.1 MiB,14.9 MiB,15.4 MiB,24.1 MiB,19.1 MiB
2024-09-10 10:24:30,32.8 MiB,187 MiB,14.4 MiB,14.4 MiB,9.59 MiB,367 MiB,227 MiB,14.7 MiB,24.8 MiB,11.2 MiB,21.1 MiB,14.9 MiB,15.4 MiB,24.1 MiB,19.1 MiB
2024-09-10 10:24:40,32.8 MiB,187 MiB,14.4 MiB,14.4 MiB,9.59 MiB,359 MiB,227 MiB,14.7 MiB,24.9 MiB,11.1 MiB,21.1 MiB,14.9 MiB,15.4 MiB,24.1 MiB,19.1 MiB
2024-09-10 10:24:50,32.8 MiB,188 MiB,14.4 MiB,14.4 MiB,9.59 MiB,359 MiB,227 MiB,14.7 MiB,24.9 MiB,11.1 MiB,21.1 MiB,14.9 MiB,15.4 MiB,24.1 MiB,19.1 MiB
2024-09-10 10:25:00,32.8 MiB,188 MiB,14.4 MiB,14.4 MiB,9.59 MiB,359 MiB,227 MiB,14.7 MiB,24.9 MiB,10.1 MiB,21.1 MiB,14.9 MiB,15.4 MiB,24.1 MiB,19.1 MiB
2024-09-10 10:25:10,32.8 MiB,188 MiB,14.4 MiB,14.4 MiB,9.59 MiB,359 MiB,227 MiB,14.7 MiB,24.6 MiB,10.2 MiB,21.1 MiB,14.9 MiB,15.4 MiB,24.1 MiB,19.1 MiB
2024-09-10 10:25:20,32.8 MiB,188 MiB,14.4 MiB,14.4 MiB,9.59 MiB,351 MiB,227 MiB,14.7 MiB,24.6 MiB,10.2 MiB,21.1 MiB,14.9 MiB,15.4 MiB,24.1 MiB,19.1 MiB
2024-09-10 10:25:30,32.8 MiB,188 MiB,14.4 MiB,14.4 MiB,9.59 MiB,351 MiB,230 MiB,14.7 MiB,24.7 MiB,10.1 MiB,21.1 MiB,14.9 MiB,15.4 MiB,24.1 MiB,19.1 MiB
2024-09-10 10:25:40,32.8 MiB,188 MiB,14.4 MiB,14.4 MiB,9.59 MiB,351 MiB,230 MiB,14.7 MiB,24.7 MiB,10.1 MiB,21.1 MiB,14.9 MiB,15.4 MiB,24.1 MiB,19.1 MiB
2024-09-10 10:25:50,32.8 MiB,188 MiB,14.4 MiB,14.4 MiB,9.59 MiB,351 MiB,230 MiB,14.7 MiB,24.7 MiB,11.2 MiB,21.1 MiB,14.9 MiB,15.4 MiB,24.1 MiB,19.1 MiB
2024-09-10 10:26:00,32.8 MiB,188 MiB,14.4 MiB,14.4 MiB,9.59 MiB,351 MiB,230 MiB,14.7 MiB,24.9 MiB,11.7 MiB,21.1 MiB,14.9 MiB,15.4 MiB,24.1 MiB,19.1 MiB
2024-09-10 10:26:10,32.8 MiB,187 MiB,14.4 MiB,14.4 MiB,9.59 MiB,351 MiB,230 MiB,14.7 MiB,24.7 MiB,11.7 MiB,21.1 MiB,14.9 MiB,15.4 MiB,24.1 MiB,19.1 MiB
2024-09-10 10:26:20,32.8 MiB,188 MiB,14.4 MiB,14.4 MiB,9.59 MiB,351 MiB,230 MiB,14.7 MiB,24.7 MiB,9.80 MiB,21.1 MiB,14.9 MiB,15.5 MiB,24.1 MiB,19.1 MiB
2024-09-10 10:26:30,32.8 MiB,188 MiB,14.4 MiB,14.4 MiB,9.59 MiB,351 MiB,230 MiB,14.7 MiB,24.7 MiB,10.1 MiB,21.1 MiB,15.1 MiB,15.5 MiB,24.1 MiB,19.1 MiB
2024-09-10 10:26:40,32.8 MiB,188 MiB,14.4 MiB,14.4 MiB,9.59 MiB,351 MiB,230 MiB,14.7 MiB,24.7 MiB,10.1 MiB,21.1 MiB,15.1 MiB,15.5 MiB,24.1 MiB,19.1 MiB
2024-09-10 10:26:50,32.8 MiB,188 MiB,14.4 MiB,14.4 MiB,9.59 MiB,351 MiB,230 MiB,14.7 MiB,24.7 MiB,11.2 MiB,21.1 MiB,14.9 MiB,15.5 MiB,24.1 MiB,19.1 MiB
2024-09-10 10:27:00,32.8 MiB,188 MiB,14.4 MiB,14.4 MiB,9.59 MiB,351 MiB,230 MiB,14.7 MiB,24.7 MiB,11.2 MiB,21.1 MiB,14.9 MiB,15.5 MiB,24.1 MiB,19.1 MiB