"Time","calico-apiserver-7d67fc75c4-b9n6w","calico-node-p9fcp","coredns-666d64755b-vhdjm-x-kube-system-x-mosquitto-vcluster","coredns-666d64755b-z6kpk-x-kube-system-x-emqx-vcluster","csi-node-driver-bfk77","emqx-broker-0-x-emqx-service-x-emqx-vcluster","kube-prometheus-stack-grafana-74b7cf79fb-m6lh2","kube-prometheus-stack-kube-state-metrics-5689dc5579-zwqb7","kube-prometheus-stack-operator-6787bbd765-w99bp","kube-prometheus-stack-prometheus-node-exporter-94xgc","kube-proxy-ftsn7","metrics-server-69bffc695c-5p9gz-x-kube-system-x-emqx-vcluster","metrics-server-69bffc695c-f4j84-x-kube-system-x-mosq-26bfd1d46c","mosquitto-broker-649587fcc9-4mdsm-x-mosquitto-servic-63353133ab","prometheus-kube-prometheus-stack-prometheus-0","speaker-dw5w9"
2024-09-09 02:21:30,33.4 MiB,184 MiB,15.2 MiB,15.8 MiB,10.8 MiB,213 MiB,259 MiB,15.4 MiB,24.8 MiB,11.8 MiB,20.6 MiB,16.2 MiB,16.8 MiB,19.4 MiB,398 MiB,18.7 MiB
2024-09-09 02:21:40,33.4 MiB,184 MiB,15.2 MiB,15.8 MiB,10.8 MiB,213 MiB,259 MiB,15.4 MiB,24.8 MiB,11.8 MiB,20.6 MiB,16.2 MiB,16.8 MiB,19.4 MiB,399 MiB,18.7 MiB
2024-09-09 02:21:50,33.4 MiB,184 MiB,15.2 MiB,15.8 MiB,10.8 MiB,214 MiB,257 MiB,15.4 MiB,24.8 MiB,11.8 MiB,20.6 MiB,16.2 MiB,16.8 MiB,19.4 MiB,399 MiB,18.7 MiB
2024-09-09 02:22:00,33.4 MiB,184 MiB,15.2 MiB,15.9 MiB,10.8 MiB,232 MiB,257 MiB,15.4 MiB,24.8 MiB,11.6 MiB,20.6 MiB,16.2 MiB,16.8 MiB,19.9 MiB,399 MiB,18.7 MiB
2024-09-09 02:22:10,33.4 MiB,184 MiB,15.2 MiB,15.9 MiB,10.8 MiB,232 MiB,257 MiB,15.4 MiB,24.8 MiB,11.0 MiB,20.6 MiB,16.2 MiB,16.8 MiB,20.5 MiB,399 MiB,18.7 MiB
2024-09-09 02:22:20,33.4 MiB,184 MiB,15.2 MiB,15.9 MiB,10.8 MiB,251 MiB,257 MiB,15.4 MiB,24.8 MiB,11.0 MiB,20.6 MiB,16.2 MiB,16.8 MiB,20.5 MiB,400 MiB,18.7 MiB
2024-09-09 02:22:30,33.4 MiB,184 MiB,15.2 MiB,15.9 MiB,11.0 MiB,251 MiB,257 MiB,15.4 MiB,24.8 MiB,12.6 MiB,20.6 MiB,16.1 MiB,17.7 MiB,21.3 MiB,400 MiB,18.6 MiB
2024-09-09 02:22:40,33.4 MiB,185 MiB,15.7 MiB,16.6 MiB,11.1 MiB,271 MiB,257 MiB,15.4 MiB,24.8 MiB,12.6 MiB,20.8 MiB,16.1 MiB,17.7 MiB,21.3 MiB,406 MiB,18.6 MiB
2024-09-09 02:22:50,33.4 MiB,185 MiB,15.7 MiB,19.0 MiB,11.2 MiB,271 MiB,256 MiB,15.4 MiB,25.3 MiB,11.3 MiB,20.8 MiB,16.5 MiB,19.5 MiB,21.8 MiB,426 MiB,18.6 MiB
2024-09-09 02:23:00,35.8 MiB,185 MiB,17.6 MiB,19.0 MiB,11.2 MiB,312 MiB,255 MiB,16.4 MiB,26.6 MiB,11.5 MiB,22.2 MiB,17.3 MiB,19.5 MiB,22.7 MiB,426 MiB,18.6 MiB
2024-09-09 02:23:10,35.8 MiB,185 MiB,17.6 MiB,20.5 MiB,11.3 MiB,321 MiB,260 MiB,16.4 MiB,26.6 MiB,11.0 MiB,22.2 MiB,17.3 MiB,21.9 MiB,22.7 MiB,426 MiB,18.9 MiB
2024-09-09 02:23:20,35.8 MiB,185 MiB,17.6 MiB,21.2 MiB,11.2 MiB,321 MiB,262 MiB,16.9 MiB,26.6 MiB,11.0 MiB,22.2 MiB,17.6 MiB,22.7 MiB,23.3 MiB,426 MiB,18.9 MiB
2024-09-09 02:23:30,38.0 MiB,186 MiB,17.8 MiB,21.2 MiB,11.2 MiB,337 MiB,261 MiB,18.5 MiB,27.3 MiB,11.6 MiB,25.3 MiB,18.1 MiB,24.2 MiB,23.6 MiB,428 MiB,19.0 MiB
2024-09-09 02:23:40,38.0 MiB,186 MiB,18.5 MiB,22.5 MiB,11.4 MiB,347 MiB,263 MiB,18.5 MiB,27.3 MiB,11.3 MiB,25.3 MiB,18.1 MiB,24.2 MiB,23.6 MiB,428 MiB,19.0 MiB
2024-09-09 02:23:50,38.0 MiB,186 MiB,18.5 MiB,22.5 MiB,11.3 MiB,347 MiB,263 MiB,18.5 MiB,28.5 MiB,11.8 MiB,25.3 MiB,18.1 MiB,24.2 MiB,23.6 MiB,428 MiB,19.0 MiB
2024-09-09 02:24:00,38.7 MiB,186 MiB,18.5 MiB,22.5 MiB,11.3 MiB,363 MiB,263 MiB,18.5 MiB,28.9 MiB,11.8 MiB,25.3 MiB,18.4 MiB,24.8 MiB,23.8 MiB,428 MiB,19.0 MiB
2024-09-09 02:24:10,38.7 MiB,186 MiB,18.5 MiB,22.5 MiB,11.6 MiB,380 MiB,265 MiB,19 MiB,28.9 MiB,11.6 MiB,25.8 MiB,18.4 MiB,24.8 MiB,23.8 MiB,410 MiB,19.0 MiB
2024-09-09 02:24:20,38.7 MiB,186 MiB,18.8 MiB,23.1 MiB,11.7 MiB,389 MiB,265 MiB,19 MiB,28.6 MiB,11.6 MiB,25.8 MiB,18.4 MiB,24.8 MiB,23.8 MiB,410 MiB,19.0 MiB
2024-09-09 02:24:30,38.7 MiB,186 MiB,18.8 MiB,23.1 MiB,11.7 MiB,389 MiB,265 MiB,19 MiB,28.6 MiB,11.4 MiB,25.8 MiB,18.4 MiB,24.8 MiB,23.8 MiB,410 MiB,19.0 MiB
2024-09-09 02:24:40,38.7 MiB,186 MiB,18.8 MiB,23.1 MiB,11.7 MiB,406 MiB,265 MiB,19 MiB,28.6 MiB,13.1 MiB,25.8 MiB,18.4 MiB,24.8 MiB,23.8 MiB,409 MiB,19.0 MiB
2024-09-09 02:24:50,38.7 MiB,186 MiB,18.8 MiB,23.1 MiB,11.7 MiB,406 MiB,265 MiB,19 MiB,28.6 MiB,11.2 MiB,25.8 MiB,18.4 MiB,24.8 MiB,23.8 MiB,394 MiB,19.0 MiB
2024-09-09 02:25:00,38.8 MiB,186 MiB,19.0 MiB,23.1 MiB,11.9 MiB,416 MiB,265 MiB,19.4 MiB,28.6 MiB,11.2 MiB,26.0 MiB,18.4 MiB,24.8 MiB,23.8 MiB,395 MiB,19.0 MiB
2024-09-09 02:25:10,38.8 MiB,186 MiB,19.4 MiB,23.9 MiB,11.9 MiB,402 MiB,267 MiB,19.4 MiB,29.9 MiB,12.3 MiB,26.0 MiB,18.4 MiB,25.8 MiB,21.5 MiB,419 MiB,19.1 MiB
2024-09-09 02:25:20,39.0 MiB,186 MiB,19.4 MiB,23.9 MiB,11.8 MiB,371 MiB,265 MiB,19.5 MiB,29.9 MiB,12.4 MiB,26.0 MiB,18.6 MiB,25.8 MiB,21.5 MiB,420 MiB,19.1 MiB
2024-09-09 02:25:30,39.0 MiB,186 MiB,19.4 MiB,23.9 MiB,11.8 MiB,371 MiB,265 MiB,19.5 MiB,30.0 MiB,12.4 MiB,26.0 MiB,18.6 MiB,25.8 MiB,21.4 MiB,419 MiB,19.1 MiB
2024-09-09 02:25:40,39.0 MiB,186 MiB,19.4 MiB,23.9 MiB,11.8 MiB,371 MiB,265 MiB,19.5 MiB,30.0 MiB,11.6 MiB,26.0 MiB,18.6 MiB,25.8 MiB,21.4 MiB,419 MiB,19.1 MiB
2024-09-09 02:25:50,39.0 MiB,186 MiB,19.4 MiB,23.9 MiB,11.8 MiB,371 MiB,265 MiB,19.5 MiB,30.0 MiB,13.3 MiB,26.0 MiB,18.6 MiB,25.8 MiB,21.4 MiB,408 MiB,19.1 MiB
2024-09-09 02:26:00,39.0 MiB,186 MiB,19.4 MiB,23.9 MiB,11.8 MiB,371 MiB,265 MiB,19.5 MiB,30.3 MiB,11.7 MiB,26.0 MiB,18.6 MiB,25.8 MiB,21.4 MiB,408 MiB,19.1 MiB
2024-09-09 02:26:10,39.0 MiB,186 MiB,19.4 MiB,23.9 MiB,11.8 MiB,371 MiB,265 MiB,19.5 MiB,30.3 MiB,11.7 MiB,26.0 MiB,18.6 MiB,25.8 MiB,21.4 MiB,408 MiB,19.1 MiB
2024-09-09 02:26:20,39.0 MiB,186 MiB,19.4 MiB,23.9 MiB,11.8 MiB,371 MiB,265 MiB,19.6 MiB,30.3 MiB,11.9 MiB,26.0 MiB,18.6 MiB,25.8 MiB,21.4 MiB,401 MiB,19.1 MiB
2024-09-09 02:26:30,39.0 MiB,186 MiB,19.4 MiB,23.9 MiB,11.8 MiB,359 MiB,265 MiB,19.6 MiB,30.5 MiB,11.9 MiB,26.0 MiB,18.6 MiB,25.8 MiB,21.4 MiB,401 MiB,19.1 MiB
2024-09-09 02:26:40,39.0 MiB,186 MiB,19.4 MiB,23.9 MiB,11.8 MiB,359 MiB,265 MiB,19.6 MiB,30.3 MiB,13.0 MiB,26.0 MiB,18.6 MiB,25.8 MiB,21.4 MiB,401 MiB,19.1 MiB
2024-09-09 02:26:50,39.0 MiB,186 MiB,19.4 MiB,23.9 MiB,11.8 MiB,352 MiB,265 MiB,19.6 MiB,30.4 MiB,13.0 MiB,26.0 MiB,18.7 MiB,25.8 MiB,21.4 MiB,383 MiB,19.1 MiB
2024-09-09 02:27:00,39.0 MiB,186 MiB,19.4 MiB,23.9 MiB,11.8 MiB,352 MiB,265 MiB,19.6 MiB,30.4 MiB,12.9 MiB,26.0 MiB,18.7 MiB,25.8 MiB,21.4 MiB,383 MiB,19.1 MiB
2024-09-09 02:27:10,39.0 MiB,186 MiB,19.4 MiB,23.9 MiB,11.8 MiB,337 MiB,265 MiB,19.6 MiB,30.4 MiB,12.9 MiB,26.0 MiB,18.7 MiB,25.8 MiB,21.4 MiB,384 MiB,19.2 MiB
2024-09-09 02:27:20,39.0 MiB,186 MiB,19.4 MiB,23.9 MiB,11.8 MiB,337 MiB,266 MiB,19.6 MiB,30.4 MiB,12.1 MiB,26.0 MiB,18.7 MiB,25.8 MiB,21.4 MiB,385 MiB,19.2 MiB
2024-09-09 02:27:30,39.0 MiB,186 MiB,19.4 MiB,23.9 MiB,11.8 MiB,330 MiB,266 MiB,19.6 MiB,30.4 MiB,12.5 MiB,26.0 MiB,18.7 MiB,25.8 MiB,21.4 MiB,385 MiB,19.2 MiB
2024-09-09 02:27:40,39.0 MiB,186 MiB,19.4 MiB,23.9 MiB,11.8 MiB,330 MiB,266 MiB,19.6 MiB,30.4 MiB,11.8 MiB,26.0 MiB,18.7 MiB,25.8 MiB,21.4 MiB,383 MiB,19.2 MiB
2024-09-09 02:27:50,39.0 MiB,186 MiB,19.4 MiB,23.9 MiB,11.8 MiB,330 MiB,266 MiB,19.6 MiB,30.4 MiB,11.8 MiB,26.0 MiB,18.7 MiB,25.8 MiB,21.4 MiB,385 MiB,19.2 MiB
2024-09-09 02:28:00,39.1 MiB,186 MiB,19.4 MiB,23.9 MiB,11.8 MiB,330 MiB,266 MiB,19.6 MiB,30.4 MiB,13.1 MiB,26.0 MiB,18.7 MiB,25.8 MiB,21.4 MiB,385 MiB,19.2 MiB
2024-09-09 02:28:10,39.1 MiB,186 MiB,19.4 MiB,23.9 MiB,11.8 MiB,330 MiB,266 MiB,19.6 MiB,30.4 MiB,13.1 MiB,26.0 MiB,18.7 MiB,25.8 MiB,21.4 MiB,415 MiB,19.2 MiB
2024-09-09 02:28:20,39.1 MiB,186 MiB,19.4 MiB,23.9 MiB,11.8 MiB,321 MiB,266 MiB,19.6 MiB,30.4 MiB,12.1 MiB,26.0 MiB,18.7 MiB,25.8 MiB,21.4 MiB,415 MiB,19.2 MiB
2024-09-09 02:28:30,39.1 MiB,186 MiB,19.4 MiB,23.9 MiB,11.8 MiB,321 MiB,266 MiB,19.6 MiB,30.4 MiB,12.1 MiB,26.0 MiB,18.7 MiB,25.8 MiB,21.5 MiB,420 MiB,19.2 MiB
2024-09-09 02:28:40,39.1 MiB,186 MiB,19.4 MiB,23.9 MiB,11.8 MiB,274 MiB,266 MiB,19.6 MiB,31.0 MiB,12.4 MiB,26.0 MiB,18.7 MiB,25.8 MiB,21.5 MiB,420 MiB,19.2 MiB
2024-09-09 02:28:50,39.1 MiB,186 MiB,19.4 MiB,23.9 MiB,11.8 MiB,274 MiB,266 MiB,19.6 MiB,31.0 MiB,12.6 MiB,26.0 MiB,18.7 MiB,25.8 MiB,21.7 MiB,409 MiB,19.2 MiB
2024-09-09 02:29:00,39.1 MiB,186 MiB,19.4 MiB,23.9 MiB,11.8 MiB,274 MiB,266 MiB,19.6 MiB,31.0 MiB,12.6 MiB,26.0 MiB,18.7 MiB,25.8 MiB,21.7 MiB,409 MiB,19.2 MiB
2024-09-09 02:29:10,39.1 MiB,186 MiB,19.4 MiB,23.9 MiB,11.8 MiB,274 MiB,266 MiB,19.6 MiB,31.0 MiB,12.3 MiB,26.0 MiB,18.7 MiB,25.8 MiB,21.9 MiB,413 MiB,19.2 MiB
2024-09-09 02:29:20,39.1 MiB,186 MiB,19.4 MiB,23.9 MiB,11.8 MiB,275 MiB,267 MiB,19.6 MiB,31.0 MiB,12.0 MiB,26.0 MiB,18.7 MiB,25.8 MiB,22.1 MiB,413 MiB,19.2 MiB
2024-09-09 02:29:30,39.1 MiB,186 MiB,19.4 MiB,23.9 MiB,11.8 MiB,276 MiB,267 MiB,19.6 MiB,31.0 MiB,12.8 MiB,26.0 MiB,18.7 MiB,25.8 MiB,22.4 MiB,413 MiB,19.2 MiB
2024-09-09 02:29:40,39.1 MiB,186 MiB,19.4 MiB,23.9 MiB,11.8 MiB,277 MiB,267 MiB,19.6 MiB,31.0 MiB,12.1 MiB,26.0 MiB,18.7 MiB,25.8 MiB,22.4 MiB,413 MiB,19.2 MiB
2024-09-09 02:29:50,39.1 MiB,186 MiB,19.4 MiB,23.9 MiB,11.8 MiB,277 MiB,267 MiB,19.6 MiB,31.0 MiB,12.1 MiB,26.0 MiB,18.7 MiB,25.8 MiB,22.4 MiB,414 MiB,19.2 MiB
2024-09-09 02:30:00,39.1 MiB,186 MiB,19.4 MiB,23.9 MiB,11.8 MiB,278 MiB,267 MiB,19.6 MiB,31.0 MiB,12.0 MiB,26.0 MiB,18.7 MiB,25.8 MiB,22.6 MiB,385 MiB,19.2 MiB
2024-09-09 02:30:10,39.1 MiB,186 MiB,19.4 MiB,23.9 MiB,11.8 MiB,278 MiB,267 MiB,19.6 MiB,31.0 MiB,12.7 MiB,26.0 MiB,18.7 MiB,25.8 MiB,22.9 MiB,385 MiB,18.9 MiB
2024-09-09 02:30:20,39.1 MiB,186 MiB,19.4 MiB,23.9 MiB,11.8 MiB,291 MiB,267 MiB,19.6 MiB,31.0 MiB,12.2 MiB,26.0 MiB,18.7 MiB,25.8 MiB,22.4 MiB,386 MiB,18.9 MiB
2024-09-09 02:30:30,39.1 MiB,186 MiB,19.4 MiB,23.9 MiB,11.8 MiB,300 MiB,267 MiB,19.6 MiB,31.0 MiB,12.6 MiB,26.0 MiB,18.7 MiB,25.8 MiB,22.4 MiB,384 MiB,18.9 MiB
2024-09-09 02:30:40,39.1 MiB,186 MiB,19.4 MiB,23.9 MiB,11.8 MiB,300 MiB,267 MiB,19.6 MiB,31.0 MiB,12.6 MiB,26.0 MiB,18.7 MiB,25.8 MiB,22.9 MiB,384 MiB,18.9 MiB
2024-09-09 02:30:50,39.1 MiB,186 MiB,19.4 MiB,23.9 MiB,11.8 MiB,313 MiB,267 MiB,19.6 MiB,31.0 MiB,13.8 MiB,26.0 MiB,18.7 MiB,25.8 MiB,23.0 MiB,384 MiB,18.9 MiB
2024-09-09 02:31:00,39.1 MiB,186 MiB,19.4 MiB,23.9 MiB,11.8 MiB,326 MiB,267 MiB,19.6 MiB,31.0 MiB,12.1 MiB,26.0 MiB,18.7 MiB,25.8 MiB,23.2 MiB,385 MiB,18.9 MiB
2024-09-09 02:31:10,39.1 MiB,186 MiB,19.4 MiB,23.9 MiB,11.8 MiB,326 MiB,267 MiB,19.6 MiB,31.0 MiB,12.1 MiB,26.0 MiB,18.7 MiB,25.8 MiB,23.5 MiB,414 MiB,18.9 MiB
2024-09-09 02:31:20,39.1 MiB,186 MiB,19.4 MiB,23.9 MiB,11.8 MiB,343 MiB,268 MiB,19.6 MiB,30.8 MiB,12.8 MiB,26.0 MiB,18.7 MiB,25.8 MiB,23.5 MiB,414 MiB,18.9 MiB
2024-09-09 02:31:30,39.1 MiB,186 MiB,19.4 MiB,23.9 MiB,11.8 MiB,343 MiB,268 MiB,19.6 MiB,30.8 MiB,12.8 MiB,26.0 MiB,18.7 MiB,25.8 MiB,23.9 MiB,416 MiB,18.9 MiB
2024-09-09 02:31:40,39.1 MiB,186 MiB,19.4 MiB,23.9 MiB,11.8 MiB,298 MiB,268 MiB,19.6 MiB,30.8 MiB,12.6 MiB,26.0 MiB,18.7 MiB,25.8 MiB,24.1 MiB,416 MiB,18.9 MiB
2024-09-09 02:31:50,39.1 MiB,186 MiB,19.4 MiB,23.9 MiB,11.8 MiB,298 MiB,268 MiB,19.6 MiB,30.7 MiB,12.0 MiB,26.0 MiB,18.7 MiB,25.8 MiB,24.3 MiB,418 MiB,18.9 MiB
2024-09-09 02:32:00,39.1 MiB,186 MiB,19.4 MiB,23.9 MiB,11.8 MiB,300 MiB,268 MiB,19.6 MiB,30.7 MiB,12.0 MiB,26.0 MiB,18.7 MiB,25.8 MiB,24.5 MiB,418 MiB,18.9 MiB
2024-09-09 02:32:10,39.1 MiB,186 MiB,19.4 MiB,23.9 MiB,11.8 MiB,306 MiB,268 MiB,19.6 MiB,30.7 MiB,12.8 MiB,26.0 MiB,18.7 MiB,25.8 MiB,24.8 MiB,418 MiB,18.9 MiB
2024-09-09 02:32:20,39.1 MiB,186 MiB,19.4 MiB,23.9 MiB,11.8 MiB,306 MiB,268 MiB,19.6 MiB,30.8 MiB,13.1 MiB,26.0 MiB,18.7 MiB,25.8 MiB,24.8 MiB,395 MiB,18.9 MiB
2024-09-09 02:32:30,39.1 MiB,186 MiB,19.4 MiB,23.9 MiB,11.8 MiB,325 MiB,268 MiB,19.6 MiB,30.8 MiB,13.4 MiB,26.0 MiB,18.7 MiB,25.8 MiB,25.1 MiB,395 MiB,18.9 MiB
2024-09-09 02:32:40,39.1 MiB,186 MiB,19.4 MiB,23.9 MiB,11.8 MiB,337 MiB,268 MiB,19.6 MiB,30.8 MiB,13.4 MiB,26.0 MiB,18.7 MiB,25.8 MiB,25.4 MiB,396 MiB,19.0 MiB
2024-09-09 02:32:50,39.1 MiB,186 MiB,19.4 MiB,23.9 MiB,11.8 MiB,337 MiB,268 MiB,19.6 MiB,30.8 MiB,12.2 MiB,26.0 MiB,18.7 MiB,25.8 MiB,25.4 MiB,396 MiB,19.0 MiB
2024-09-09 02:33:00,39.1 MiB,186 MiB,19.4 MiB,23.9 MiB,11.8 MiB,354 MiB,268 MiB,19.6 MiB,30.8 MiB,11.8 MiB,26.0 MiB,18.7 MiB,25.8 MiB,25.8 MiB,398 MiB,19.0 MiB
2024-09-09 02:33:10,39.1 MiB,186 MiB,19.4 MiB,23.9 MiB,11.8 MiB,374 MiB,268 MiB,19.6 MiB,30.8 MiB,12.8 MiB,26.0 MiB,18.7 MiB,25.8 MiB,25.8 MiB,402 MiB,19.0 MiB
2024-09-09 02:33:20,39.1 MiB,186 MiB,19.4 MiB,23.9 MiB,11.8 MiB,374 MiB,268 MiB,19.6 MiB,30.8 MiB,12.8 MiB,26.0 MiB,18.7 MiB,25.8 MiB,26.2 MiB,402 MiB,19.0 MiB
2024-09-09 02:33:30,39.1 MiB,186 MiB,19.4 MiB,23.9 MiB,11.8 MiB,379 MiB,268 MiB,19.6 MiB,30.8 MiB,12.0 MiB,26.0 MiB,18.7 MiB,25.8 MiB,26.6 MiB,402 MiB,19.2 MiB
2024-09-09 02:33:40,39.1 MiB,186 MiB,19.4 MiB,23.9 MiB,11.8 MiB,379 MiB,268 MiB,19.6 MiB,30.8 MiB,12.0 MiB,26.0 MiB,18.7 MiB,25.8 MiB,26.7 MiB,400 MiB,19.2 MiB
2024-09-09 02:33:50,39.1 MiB,186 MiB,19.4 MiB,23.9 MiB,11.8 MiB,380 MiB,268 MiB,19.6 MiB,30.8 MiB,12.0 MiB,26.0 MiB,18.7 MiB,25.8 MiB,27.1 MiB,427 MiB,19.2 MiB
2024-09-09 02:34:00,39.1 MiB,186 MiB,19.4 MiB,23.9 MiB,11.8 MiB,381 MiB,270 MiB,19.6 MiB,31.2 MiB,12.0 MiB,26.0 MiB,18.9 MiB,26.5 MiB,27.1 MiB,427 MiB,19.2 MiB
2024-09-09 02:34:10,39.1 MiB,187 MiB,19.4 MiB,23.9 MiB,12.1 MiB,381 MiB,270 MiB,20.0 MiB,31.2 MiB,12.9 MiB,26.8 MiB,18.9 MiB,26.5 MiB,27.3 MiB,427 MiB,19.2 MiB
2024-09-09 02:34:20,39.5 MiB,187 MiB,19.4 MiB,24.6 MiB,12.1 MiB,403 MiB,270 MiB,20.0 MiB,31.2 MiB,12.4 MiB,26.8 MiB,18.9 MiB,26.5 MiB,27.3 MiB,395 MiB,19.2 MiB
2024-09-09 02:34:30,39.5 MiB,187 MiB,19.4 MiB,24.6 MiB,12.1 MiB,403 MiB,270 MiB,20.0 MiB,31.2 MiB,12.4 MiB,26.8 MiB,18.9 MiB,26.5 MiB,27.8 MiB,396 MiB,19.2 MiB
2024-09-09 02:34:40,39.5 MiB,187 MiB,19.4 MiB,24.6 MiB,12.5 MiB,427 MiB,270 MiB,20.0 MiB,31.8 MiB,12.7 MiB,27.6 MiB,18.9 MiB,27.2 MiB,28.1 MiB,406 MiB,19.2 MiB
2024-09-09 02:34:50,40.3 MiB,187 MiB,19.7 MiB,25.0 MiB,12.6 MiB,443 MiB,271 MiB,20.3 MiB,31.8 MiB,12.9 MiB,27.6 MiB,19 MiB,27.2 MiB,28.1 MiB,406 MiB,19.2 MiB
2024-09-09 02:35:00,40.3 MiB,187 MiB,19.7 MiB,25.0 MiB,12.8 MiB,443 MiB,271 MiB,20.3 MiB,31.8 MiB,13.4 MiB,27.6 MiB,19.0 MiB,27.2 MiB,28.2 MiB,395 MiB,19.2 MiB
2024-09-09 02:35:10,40.4 MiB,187 MiB,19.6 MiB,25.2 MiB,12.8 MiB,461 MiB,272 MiB,20.3 MiB,31.9 MiB,13.4 MiB,27.9 MiB,19.0 MiB,27.4 MiB,28.2 MiB,395 MiB,19.2 MiB
2024-09-09 02:35:20,40.4 MiB,187 MiB,20.0 MiB,25.2 MiB,13.1 MiB,461 MiB,272 MiB,20.3 MiB,31.9 MiB,14.0 MiB,27.9 MiB,19.0 MiB,27.4 MiB,28.2 MiB,395 MiB,19.2 MiB
2024-09-09 02:35:30,40.8 MiB,187 MiB,20.0 MiB,25.7 MiB,13.5 MiB,476 MiB,272 MiB,21.2 MiB,31.9 MiB,14.0 MiB,28.8 MiB,19.4 MiB,27.4 MiB,28.2 MiB,395 MiB,19.2 MiB
2024-09-09 02:35:40,41.7 MiB,187 MiB,20.2 MiB,25.7 MiB,14 MiB,477 MiB,275 MiB,21.2 MiB,33.2 MiB,13.5 MiB,28.8 MiB,19.4 MiB,28.3 MiB,28.2 MiB,395 MiB,19.3 MiB
2024-09-09 02:35:50,41.7 MiB,187 MiB,20.2 MiB,26.3 MiB,14 MiB,477 MiB,275 MiB,21.2 MiB,33.2 MiB,13.8 MiB,28.8 MiB,19.4 MiB,28.3 MiB,28.2 MiB,398 MiB,19.3 MiB
2024-09-09 02:36:00,41.7 MiB,187 MiB,20.2 MiB,26.3 MiB,14 MiB,477 MiB,275 MiB,21.2 MiB,33.2 MiB,13.8 MiB,28.8 MiB,19.4 MiB,28.3 MiB,28.2 MiB,398 MiB,19.3 MiB
2024-09-09 02:36:10,41.7 MiB,187 MiB,20.2 MiB,26.3 MiB,14 MiB,478 MiB,275 MiB,21.2 MiB,32.5 MiB,12.8 MiB,28.8 MiB,19.4 MiB,28.3 MiB,28.2 MiB,426 MiB,19.3 MiB
2024-09-09 02:36:20,41.7 MiB,187 MiB,20.2 MiB,26.3 MiB,14 MiB,478 MiB,275 MiB,21.2 MiB,32.5 MiB,12.8 MiB,28.8 MiB,19.4 MiB,28.4 MiB,28.2 MiB,426 MiB,19.3 MiB
2024-09-09 02:36:30,42.4 MiB,187 MiB,20.5 MiB,26.8 MiB,14.2 MiB,478 MiB,274 MiB,21.6 MiB,32.6 MiB,14.3 MiB,29.4 MiB,19.6 MiB,28.4 MiB,23.1 MiB,425 MiB,19.5 MiB
2024-09-09 02:36:40,42.4 MiB,187 MiB,20.5 MiB,26.8 MiB,14.4 MiB,377 MiB,275 MiB,21.6 MiB,33.2 MiB,14.3 MiB,29.4 MiB,19.6 MiB,28.8 MiB,23.1 MiB,399 MiB,19.5 MiB
2024-09-09 02:36:50,42.4 MiB,187 MiB,20.5 MiB,26.8 MiB,14.4 MiB,377 MiB,275 MiB,21.6 MiB,33.2 MiB,13.3 MiB,29.4 MiB,19.6 MiB,28.8 MiB,23.1 MiB,399 MiB,19.5 MiB
2024-09-09 02:37:00,42.4 MiB,187 MiB,20.5 MiB,26.8 MiB,14.4 MiB,377 MiB,275 MiB,21.6 MiB,33.2 MiB,13.0 MiB,29.4 MiB,19.6 MiB,28.8 MiB,23.1 MiB,401 MiB,19.5 MiB
2024-09-09 02:37:10,42.4 MiB,187 MiB,20.5 MiB,26.8 MiB,14.4 MiB,377 MiB,275 MiB,21.6 MiB,33.2 MiB,13.0 MiB,29.4 MiB,19.6 MiB,28.8 MiB,23.1 MiB,404 MiB,19.5 MiB
2024-09-09 02:37:20,42.4 MiB,187 MiB,20.5 MiB,26.8 MiB,14.4 MiB,377 MiB,276 MiB,21.6 MiB,33.2 MiB,14.2 MiB,29.4 MiB,19.6 MiB,28.8 MiB,23.1 MiB,405 MiB,19.5 MiB
2024-09-09 02:37:30,42.4 MiB,187 MiB,20.5 MiB,26.8 MiB,14.4 MiB,377 MiB,276 MiB,21.6 MiB,33.2 MiB,13.9 MiB,29.4 MiB,19.6 MiB,28.8 MiB,23.1 MiB,396 MiB,19.5 MiB
2024-09-09 02:37:40,42.4 MiB,187 MiB,20.5 MiB,26.8 MiB,14.4 MiB,377 MiB,276 MiB,21.6 MiB,33.2 MiB,14.4 MiB,29.4 MiB,19.6 MiB,28.8 MiB,23.1 MiB,396 MiB,19.5 MiB
2024-09-09 02:37:50,42.4 MiB,187 MiB,20.5 MiB,26.8 MiB,14.4 MiB,377 MiB,276 MiB,21.6 MiB,33.2 MiB,14.4 MiB,29.4 MiB,19.6 MiB,28.8 MiB,23.1 MiB,396 MiB,19.5 MiB
2024-09-09 02:38:00,42.4 MiB,187 MiB,20.5 MiB,26.8 MiB,14.4 MiB,377 MiB,276 MiB,21.6 MiB,33.2 MiB,13.4 MiB,29.4 MiB,19.6 MiB,28.8 MiB,23.1 MiB,396 MiB,19.5 MiB
2024-09-09 02:38:10,42.4 MiB,187 MiB,20.5 MiB,26.8 MiB,14.4 MiB,377 MiB,276 MiB,21.6 MiB,33.2 MiB,13.3 MiB,29.4 MiB,19.6 MiB,28.8 MiB,23.1 MiB,396 MiB,19.5 MiB
2024-09-09 02:38:20,42.4 MiB,187 MiB,20.5 MiB,26.8 MiB,14.4 MiB,377 MiB,276 MiB,21.6 MiB,33.2 MiB,13.3 MiB,29.4 MiB,19.6 MiB,28.8 MiB,23.1 MiB,396 MiB,19.5 MiB
2024-09-09 02:38:30,42.4 MiB,187 MiB,20.5 MiB,26.8 MiB,14.4 MiB,369 MiB,276 MiB,21.6 MiB,33.2 MiB,14.3 MiB,29.4 MiB,19.6 MiB,28.8 MiB,23.1 MiB,396 MiB,19.5 MiB
2024-09-09 02:38:40,42.4 MiB,187 MiB,20.5 MiB,26.8 MiB,14.4 MiB,369 MiB,276 MiB,21.6 MiB,33.2 MiB,14.8 MiB,29.4 MiB,19.6 MiB,28.8 MiB,23.1 MiB,423 MiB,19.5 MiB
2024-09-09 02:38:50,42.4 MiB,187 MiB,20.5 MiB,26.8 MiB,14.4 MiB,369 MiB,276 MiB,21.6 MiB,33.2 MiB,14.5 MiB,29.4 MiB,19.6 MiB,28.8 MiB,23.1 MiB,423 MiB,19.5 MiB
2024-09-09 02:39:00,42.4 MiB,188 MiB,20.5 MiB,26.8 MiB,14.4 MiB,369 MiB,276 MiB,21.6 MiB,33.2 MiB,14.5 MiB,29.4 MiB,19.6 MiB,28.8 MiB,23.1 MiB,423 MiB,19.5 MiB
2024-09-09 02:39:10,42.4 MiB,188 MiB,20.5 MiB,26.8 MiB,14.4 MiB,369 MiB,276 MiB,21.6 MiB,32.9 MiB,13.9 MiB,29.4 MiB,19.6 MiB,28.8 MiB,23.1 MiB,423 MiB,19.5 MiB
2024-09-09 02:39:20,42.4 MiB,188 MiB,20.5 MiB,26.8 MiB,14.4 MiB,369 MiB,276 MiB,21.6 MiB,32.9 MiB,13.9 MiB,29.4 MiB,19.6 MiB,28.8 MiB,23.1 MiB,415 MiB,19.5 MiB
2024-09-09 02:39:30,42.4 MiB,188 MiB,20.5 MiB,26.8 MiB,14.4 MiB,369 MiB,276 MiB,21.6 MiB,32.9 MiB,13.5 MiB,29.4 MiB,19.6 MiB,28.8 MiB,23.1 MiB,415 MiB,19.5 MiB
2024-09-09 02:39:40,42.4 MiB,187 MiB,20.5 MiB,26.8 MiB,14.4 MiB,354 MiB,276 MiB,21.6 MiB,32.9 MiB,13.6 MiB,29.4 MiB,19.6 MiB,28.8 MiB,23.1 MiB,413 MiB,19.5 MiB
2024-09-09 02:39:50,42.4 MiB,187 MiB,20.5 MiB,26.8 MiB,14.4 MiB,354 MiB,276 MiB,21.6 MiB,32.9 MiB,13.6 MiB,29.4 MiB,19.6 MiB,28.8 MiB,23.1 MiB,394 MiB,19.5 MiB
2024-09-09 02:40:00,42.4 MiB,188 MiB,20.5 MiB,26.8 MiB,14.4 MiB,354 MiB,276 MiB,21.6 MiB,32.9 MiB,14.8 MiB,29.4 MiB,19.6 MiB,28.8 MiB,23.1 MiB,394 MiB,19.5 MiB
2024-09-09 02:40:10,42.4 MiB,188 MiB,20.5 MiB,26.8 MiB,14.4 MiB,354 MiB,276 MiB,21.6 MiB,32.9 MiB,14.7 MiB,29.4 MiB,19.6 MiB,28.8 MiB,23.2 MiB,400 MiB,19.5 MiB
2024-09-09 02:40:20,42.4 MiB,188 MiB,20.5 MiB,26.8 MiB,14.4 MiB,354 MiB,276 MiB,21.6 MiB,32.9 MiB,14.7 MiB,29.4 MiB,19.6 MiB,28.8 MiB,23.2 MiB,398 MiB,19.5 MiB
2024-09-09 02:40:30,42.4 MiB,188 MiB,20.5 MiB,26.8 MiB,14.4 MiB,355 MiB,276 MiB,21.6 MiB,32.9 MiB,13.5 MiB,29.4 MiB,19.6 MiB,28.8 MiB,23.4 MiB,400 MiB,19.5 MiB
2024-09-09 02:40:40,42.4 MiB,188 MiB,20.5 MiB,26.8 MiB,14.4 MiB,355 MiB,276 MiB,21.6 MiB,32.9 MiB,13.9 MiB,29.4 MiB,19.6 MiB,28.8 MiB,23.4 MiB,400 MiB,19.5 MiB
2024-09-09 02:40:50,42.4 MiB,188 MiB,20.5 MiB,26.8 MiB,14.4 MiB,355 MiB,276 MiB,21.6 MiB,32.9 MiB,13.9 MiB,29.4 MiB,19.6 MiB,28.8 MiB,23.7 MiB,400 MiB,19.5 MiB
2024-09-09 02:41:00,42.4 MiB,188 MiB,20.5 MiB,26.8 MiB,14.4 MiB,356 MiB,276 MiB,21.6 MiB,33.3 MiB,14.4 MiB,29.3 MiB,19.6 MiB,28.8 MiB,23.9 MiB,400 MiB,19.5 MiB
2024-09-09 02:41:10,42.4 MiB,188 MiB,20.5 MiB,26.8 MiB,14.4 MiB,356 MiB,276 MiB,21.6 MiB,33.3 MiB,14.4 MiB,29.3 MiB,19.6 MiB,28.8 MiB,23.5 MiB,400 MiB,19.5 MiB
2024-09-09 02:41:20,42.4 MiB,188 MiB,20.5 MiB,26.8 MiB,14.4 MiB,357 MiB,276 MiB,21.6 MiB,33.3 MiB,14.1 MiB,29.3 MiB,19.6 MiB,28.8 MiB,23.5 MiB,400 MiB,19.5 MiB
2024-09-09 02:41:30,42.4 MiB,188 MiB,20.6 MiB,26.8 MiB,14.4 MiB,355 MiB,276 MiB,21.6 MiB,33.3 MiB,14.0 MiB,29.3 MiB,19.6 MiB,28.9 MiB,23.9 MiB,400 MiB,19.5 MiB
2024-09-09 02:41:40,42.4 MiB,188 MiB,20.6 MiB,26.8 MiB,14.4 MiB,355 MiB,276 MiB,21.6 MiB,33.3 MiB,14.2 MiB,29.3 MiB,19.6 MiB,28.9 MiB,24.1 MiB,424 MiB,19.5 MiB
2024-09-09 02:41:50,42.4 MiB,187 MiB,20.6 MiB,26.8 MiB,14.4 MiB,356 MiB,276 MiB,21.6 MiB,33.3 MiB,14.2 MiB,29.3 MiB,19.6 MiB,28.9 MiB,24.3 MiB,424 MiB,19.5 MiB
2024-09-09 02:42:00,42.4 MiB,187 MiB,20.6 MiB,26.8 MiB,14.4 MiB,356 MiB,276 MiB,21.6 MiB,33.1 MiB,14.5 MiB,29.3 MiB,19.6 MiB,28.9 MiB,24.6 MiB,424 MiB,19.5 MiB
2024-09-09 02:42:10,42.4 MiB,187 MiB,20.6 MiB,26.8 MiB,14.4 MiB,356 MiB,276 MiB,21.6 MiB,33.1 MiB,14.9 MiB,29.3 MiB,19.6 MiB,28.9 MiB,24.6 MiB,425 MiB,19.5 MiB
2024-09-09 02:42:20,42.4 MiB,187 MiB,20.6 MiB,26.8 MiB,14.4 MiB,357 MiB,276 MiB,21.7 MiB,33.1 MiB,13.9 MiB,29.3 MiB,19.6 MiB,28.9 MiB,24.9 MiB,425 MiB,19.5 MiB
2024-09-09 02:42:30,42.4 MiB,187 MiB,20.6 MiB,26.8 MiB,14.4 MiB,357 MiB,276 MiB,21.7 MiB,33.1 MiB,13.9 MiB,29.3 MiB,19.6 MiB,28.9 MiB,24.9 MiB,416 MiB,19.5 MiB
2024-09-09 02:42:40,42.4 MiB,187 MiB,20.6 MiB,26.8 MiB,14.4 MiB,358 MiB,276 MiB,21.7 MiB,33.3 MiB,14.4 MiB,29.3 MiB,19.6 MiB,28.9 MiB,25.1 MiB,416 MiB,19.5 MiB
2024-09-09 02:42:50,42.4 MiB,187 MiB,20.6 MiB,26.8 MiB,14.4 MiB,359 MiB,276 MiB,21.7 MiB,33.3 MiB,14.4 MiB,29.3 MiB,19.6 MiB,28.9 MiB,25.4 MiB,416 MiB,19.5 MiB
2024-09-09 02:43:00,42.4 MiB,187 MiB,20.6 MiB,26.8 MiB,14.4 MiB,359 MiB,276 MiB,21.7 MiB,33.3 MiB,13.3 MiB,29.3 MiB,19.6 MiB,28.9 MiB,25.6 MiB,401 MiB,19.5 MiB
2024-09-09 02:43:10,42.4 MiB,187 MiB,20.6 MiB,26.8 MiB,14.4 MiB,359 MiB,276 MiB,21.9 MiB,33.3 MiB,13.7 MiB,29.3 MiB,19.6 MiB,28.9 MiB,25.6 MiB,401 MiB,19.5 MiB
2024-09-09 02:43:20,42.4 MiB,187 MiB,20.6 MiB,26.8 MiB,14.4 MiB,360 MiB,276 MiB,22.0 MiB,33.3 MiB,13.7 MiB,29.3 MiB,19.6 MiB,28.9 MiB,25.7 MiB,403 MiB,19.5 MiB
2024-09-09 02:43:30,42.4 MiB,187 MiB,20.6 MiB,26.8 MiB,14.4 MiB,361 MiB,276 MiB,22.0 MiB,33.3 MiB,13.7 MiB,29.3 MiB,19.6 MiB,28.9 MiB,26.0 MiB,403 MiB,19.5 MiB
2024-09-09 02:43:40,42.4 MiB,187 MiB,20.6 MiB,26.8 MiB,14.4 MiB,361 MiB,276 MiB,22.0 MiB,33.3 MiB,13.9 MiB,29.3 MiB,19.6 MiB,28.9 MiB,26.0 MiB,418 MiB,19.5 MiB
2024-09-09 02:43:50,42.4 MiB,187 MiB,20.6 MiB,26.8 MiB,14.4 MiB,368 MiB,276 MiB,22.0 MiB,33.3 MiB,14.9 MiB,29.3 MiB,19.6 MiB,28.9 MiB,26.2 MiB,418 MiB,19.5 MiB
2024-09-09 02:44:00,42.4 MiB,187 MiB,20.6 MiB,26.8 MiB,14.4 MiB,375 MiB,276 MiB,22.0 MiB,33.3 MiB,14.9 MiB,29.3 MiB,19.6 MiB,28.9 MiB,25.4 MiB,418 MiB,19.5 MiB
2024-09-09 02:44:10,42.4 MiB,187 MiB,20.6 MiB,26.8 MiB,14.4 MiB,375 MiB,276 MiB,21.6 MiB,33.3 MiB,14.0 MiB,29.3 MiB,19.6 MiB,28.9 MiB,25.7 MiB,415 MiB,19.5 MiB
2024-09-09 02:44:20,42.4 MiB,187 MiB,20.6 MiB,26.8 MiB,14.4 MiB,388 MiB,276 MiB,21.6 MiB,33.3 MiB,14.6 MiB,29.3 MiB,19.6 MiB,28.9 MiB,25.7 MiB,418 MiB,19.5 MiB
2024-09-09 02:44:30,42.4 MiB,187 MiB,20.6 MiB,26.8 MiB,14.4 MiB,388 MiB,276 MiB,21.6 MiB,33.3 MiB,14.6 MiB,29.3 MiB,19.6 MiB,28.9 MiB,26.0 MiB,418 MiB,19.4 MiB
2024-09-09 02:44:40,42.4 MiB,187 MiB,20.6 MiB,26.8 MiB,14.4 MiB,402 MiB,276 MiB,21.6 MiB,33.0 MiB,14.1 MiB,29.3 MiB,19.6 MiB,28.9 MiB,26.3 MiB,420 MiB,19.4 MiB
2024-09-09 02:44:50,42.4 MiB,187 MiB,20.6 MiB,26.8 MiB,14.4 MiB,411 MiB,276 MiB,21.6 MiB,33.0 MiB,14.1 MiB,29.3 MiB,19.6 MiB,28.9 MiB,26.3 MiB,412 MiB,19.4 MiB
2024-09-09 02:45:00,42.4 MiB,187 MiB,20.6 MiB,26.8 MiB,14.4 MiB,420 MiB,276 MiB,21.6 MiB,33.0 MiB,13.1 MiB,29.3 MiB,19.6 MiB,28.9 MiB,26.6 MiB,412 MiB,19.4 MiB
2024-09-09 02:45:10,42.4 MiB,187 MiB,20.6 MiB,26.8 MiB,14.4 MiB,420 MiB,276 MiB,21.6 MiB,33.0 MiB,14.4 MiB,29.3 MiB,19.6 MiB,28.9 MiB,26.6 MiB,413 MiB,19.4 MiB
2024-09-09 02:45:20,42.4 MiB,187 MiB,20.6 MiB,26.8 MiB,14.4 MiB,447 MiB,276 MiB,21.6 MiB,33.0 MiB,14.4 MiB,29.3 MiB,19.6 MiB,28.9 MiB,27.0 MiB,413 MiB,19.4 MiB
2024-09-09 02:45:30,42.4 MiB,187 MiB,20.6 MiB,26.8 MiB,14.4 MiB,447 MiB,276 MiB,21.6 MiB,33.0 MiB,13.0 MiB,29.3 MiB,19.6 MiB,28.9 MiB,27.3 MiB,400 MiB,19.4 MiB
2024-09-09 02:45:40,42.4 MiB,187 MiB,20.6 MiB,26.8 MiB,14.4 MiB,472 MiB,276 MiB,21.6 MiB,33.0 MiB,13.0 MiB,29.3 MiB,19.6 MiB,28.9 MiB,27.3 MiB,400 MiB,19.4 MiB
2024-09-09 02:45:50,42.4 MiB,187 MiB,20.6 MiB,26.8 MiB,14.4 MiB,487 MiB,276 MiB,21.6 MiB,33.0 MiB,13.7 MiB,29.3 MiB,19.6 MiB,28.9 MiB,27.7 MiB,401 MiB,19.4 MiB
2024-09-09 02:46:00,42.4 MiB,187 MiB,20.6 MiB,27.1 MiB,14.4 MiB,488 MiB,278 MiB,21.6 MiB,33.0 MiB,14.1 MiB,29.3 MiB,19.7 MiB,28.9 MiB,28.0 MiB,400 MiB,19.4 MiB
2024-09-09 02:46:10,42.9 MiB,187 MiB,20.8 MiB,27.1 MiB,14.5 MiB,488 MiB,278 MiB,22.0 MiB,33.8 MiB,14.1 MiB,29.7 MiB,19.7 MiB,29.5 MiB,28.0 MiB,401 MiB,19.4 MiB
2024-09-09 02:46:20,42.9 MiB,188 MiB,20.8 MiB,27.1 MiB,14.5 MiB,489 MiB,278 MiB,22.0 MiB,33.8 MiB,15.2 MiB,29.7 MiB,19.7 MiB,29.5 MiB,28.4 MiB,417 MiB,19.4 MiB
2024-09-09 02:46:30,42.9 MiB,188 MiB,20.8 MiB,27.1 MiB,14.5 MiB,340 MiB,278 MiB,22.0 MiB,34.0 MiB,15.2 MiB,29.7 MiB,19.7 MiB,29.5 MiB,28.4 MiB,417 MiB,19.4 MiB
2024-09-09 02:46:40,42.9 MiB,188 MiB,20.8 MiB,27.1 MiB,14.5 MiB,340 MiB,278 MiB,22.0 MiB,34.0 MiB,15.0 MiB,29.7 MiB,19.7 MiB,29.5 MiB,29.0 MiB,417 MiB,19.4 MiB
2024-09-09 02:46:50,42.9 MiB,188 MiB,20.8 MiB,27.1 MiB,14.5 MiB,340 MiB,278 MiB,22.0 MiB,34.0 MiB,14.4 MiB,29.7 MiB,19.7 MiB,29.5 MiB,29.1 MiB,423 MiB,19.4 MiB
2024-09-09 02:47:00,42.9 MiB,188 MiB,20.8 MiB,27.1 MiB,14.5 MiB,366 MiB,278 MiB,22.0 MiB,34.0 MiB,14.8 MiB,29.7 MiB,19.7 MiB,29.5 MiB,29.1 MiB,423 MiB,19.4 MiB
2024-09-09 02:47:10,42.9 MiB,188 MiB,20.8 MiB,27.1 MiB,14.5 MiB,380 MiB,278 MiB,22.0 MiB,33.7 MiB,14.8 MiB,29.7 MiB,19.7 MiB,29.5 MiB,29.4 MiB,412 MiB,19.5 MiB
2024-09-09 02:47:20,42.9 MiB,188 MiB,20.8 MiB,27.1 MiB,14.5 MiB,394 MiB,278 MiB,22.0 MiB,33.7 MiB,13.8 MiB,29.7 MiB,19.7 MiB,29.5 MiB,29.7 MiB,412 MiB,19.5 MiB
2024-09-09 02:47:30,42.9 MiB,188 MiB,20.8 MiB,27.1 MiB,14.5 MiB,412 MiB,278 MiB,22.0 MiB,33.7 MiB,13.5 MiB,29.7 MiB,19.7 MiB,29.5 MiB,30.0 MiB,413 MiB,19.5 MiB
2024-09-09 02:47:40,42.9 MiB,188 MiB,20.8 MiB,27.1 MiB,14.5 MiB,439 MiB,278 MiB,22.0 MiB,33.7 MiB,13.5 MiB,29.7 MiB,19.7 MiB,29.5 MiB,30.0 MiB,413 MiB,19.5 MiB
2024-09-09 02:47:50,42.9 MiB,188 MiB,20.8 MiB,27.1 MiB,14.5 MiB,439 MiB,278 MiB,22.0 MiB,33.7 MiB,14.2 MiB,29.7 MiB,19.7 MiB,29.5 MiB,30.5 MiB,413 MiB,19.5 MiB
2024-09-09 02:48:00,42.9 MiB,188 MiB,20.8 MiB,27.1 MiB,14.5 MiB,463 MiB,278 MiB,22.0 MiB,33.7 MiB,14.2 MiB,29.7 MiB,19.7 MiB,29.5 MiB,30.7 MiB,413 MiB,19.5 MiB
2024-09-09 02:48:10,43.4 MiB,188 MiB,20.8 MiB,27.6 MiB,14.6 MiB,480 MiB,280 MiB,22.0 MiB,34.5 MiB,13.0 MiB,30.3 MiB,19.9 MiB,29.5 MiB,30.7 MiB,433 MiB,19.5 MiB
2024-09-09 02:48:20,43.4 MiB,188 MiB,21.0 MiB,27.6 MiB,15.0 MiB,480 MiB,280 MiB,22.4 MiB,34.5 MiB,15.7 MiB,30.3 MiB,19.9 MiB,30.0 MiB,31.0 MiB,433 MiB,19.6 MiB
2024-09-09 02:48:30,43.7 MiB,188 MiB,21.2 MiB,27.6 MiB,15.1 MiB,490 MiB,281 MiB,22.4 MiB,34.8 MiB,15.7 MiB,30.3 MiB,19.9 MiB,30.0 MiB,31.5 MiB,433 MiB,19.6 MiB
2024-09-09 02:48:40,43.7 MiB,188 MiB,21.2 MiB,28.0 MiB,15.4 MiB,491 MiB,281 MiB,22.6 MiB,34.8 MiB,14.0 MiB,30.7 MiB,20.2 MiB,30.7 MiB,31.5 MiB,434 MiB,19.6 MiB
2024-09-09 02:48:50,43.7 MiB,188 MiB,21.2 MiB,28.0 MiB,15.4 MiB,491 MiB,281 MiB,22.6 MiB,34.4 MiB,15.8 MiB,30.7 MiB,20.2 MiB,30.7 MiB,31.7 MiB,434 MiB,19.6 MiB
2024-09-09 02:49:00,43.7 MiB,188 MiB,21.2 MiB,28.0 MiB,15.4 MiB,492 MiB,281 MiB,22.6 MiB,34.4 MiB,14.4 MiB,30.7 MiB,20.2 MiB,30.7 MiB,31.7 MiB,423 MiB,19.6 MiB
2024-09-09 02:49:10,43.7 MiB,188 MiB,21.2 MiB,28.0 MiB,15.4 MiB,492 MiB,281 MiB,22.6 MiB,34.4 MiB,14.4 MiB,30.7 MiB,20.2 MiB,30.7 MiB,32.1 MiB,428 MiB,19.6 MiB
2024-09-09 02:49:20,43.7 MiB,188 MiB,21.2 MiB,28.0 MiB,15.4 MiB,492 MiB,281 MiB,22.6 MiB,34.4 MiB,14.4 MiB,30.7 MiB,20.2 MiB,30.7 MiB,32.5 MiB,428 MiB,19.6 MiB
2024-09-09 02:49:30,43.7 MiB,188 MiB,21.2 MiB,28.0 MiB,15.4 MiB,493 MiB,281 MiB,22.6 MiB,34.4 MiB,14.7 MiB,30.7 MiB,20.2 MiB,30.7 MiB,32.5 MiB,428 MiB,19.6 MiB
2024-09-09 02:49:40,43.7 MiB,188 MiB,21.2 MiB,28.0 MiB,15.4 MiB,493 MiB,281 MiB,22.6 MiB,33.9 MiB,14.7 MiB,30.7 MiB,20.2 MiB,30.7 MiB,32.6 MiB,403 MiB,19.6 MiB
2024-09-09 02:49:50,43.7 MiB,188 MiB,21.2 MiB,28.0 MiB,15.4 MiB,493 MiB,281 MiB,22.6 MiB,33.9 MiB,14.6 MiB,30.7 MiB,20.2 MiB,30.7 MiB,32.6 MiB,400 MiB,19.6 MiB
2024-09-09 02:50:00,43.7 MiB,188 MiB,21.2 MiB,28.0 MiB,15.4 MiB,498 MiB,281 MiB,22.6 MiB,33.4 MiB,14.6 MiB,30.7 MiB,20.2 MiB,30.7 MiB,32.6 MiB,400 MiB,19.6 MiB
2024-09-09 02:50:10,43.7 MiB,188 MiB,21.2 MiB,28.0 MiB,15.4 MiB,503 MiB,281 MiB,22.6 MiB,33.4 MiB,13.9 MiB,30.7 MiB,20.2 MiB,30.7 MiB,32.6 MiB,401 MiB,19.6 MiB
2024-09-09 02:50:20,43.7 MiB,188 MiB,21.2 MiB,28.0 MiB,15.4 MiB,503 MiB,281 MiB,22.6 MiB,33.4 MiB,14.0 MiB,30.7 MiB,20.2 MiB,30.7 MiB,32.6 MiB,401 MiB,19.6 MiB
2024-09-09 02:50:30,43.7 MiB,188 MiB,21.2 MiB,28.0 MiB,15.4 MiB,510 MiB,281 MiB,22.6 MiB,34.2 MiB,14.0 MiB,30.7 MiB,20.2 MiB,30.7 MiB,32.6 MiB,400 MiB,19.6 MiB
2024-09-09 02:50:40,43.7 MiB,188 MiB,21.2 MiB,28.0 MiB,15.4 MiB,512 MiB,281 MiB,22.6 MiB,34.2 MiB,15.0 MiB,30.7 MiB,20.2 MiB,30.7 MiB,32.6 MiB,401 MiB,19.7 MiB
2024-09-09 02:50:50,43.7 MiB,188 MiB,21.2 MiB,28.0 MiB,15.4 MiB,512 MiB,281 MiB,22.6 MiB,34.3 MiB,15.4 MiB,30.7 MiB,20.2 MiB,30.7 MiB,32.6 MiB,401 MiB,19.7 MiB
2024-09-09 02:51:00,43.7 MiB,188 MiB,21.2 MiB,28.0 MiB,15.4 MiB,512 MiB,281 MiB,22.6 MiB,34.3 MiB,15.4 MiB,30.7 MiB,20.2 MiB,30.7 MiB,32.6 MiB,401 MiB,19.7 MiB
2024-09-09 02:51:10,43.7 MiB,188 MiB,21.2 MiB,28.0 MiB,15.4 MiB,512 MiB,281 MiB,22.6 MiB,34.3 MiB,15.6 MiB,30.7 MiB,20.2 MiB,30.7 MiB,32.6 MiB,401 MiB,19.7 MiB
2024-09-09 02:51:20,43.7 MiB,188 MiB,21.2 MiB,28.0 MiB,15.4 MiB,512 MiB,281 MiB,22.6 MiB,34.3 MiB,15.6 MiB,30.7 MiB,20.2 MiB,30.7 MiB,24.3 MiB,401 MiB,19.7 MiB
2024-09-09 02:51:30,43.7 MiB,188 MiB,21.2 MiB,28.0 MiB,15.4 MiB,512 MiB,281 MiB,22.7 MiB,34.3 MiB,14.9 MiB,30.7 MiB,20.2 MiB,30.7 MiB,24.3 MiB,401 MiB,19.7 MiB
2024-09-09 02:51:40,43.7 MiB,188 MiB,21.2 MiB,28.0 MiB,15.4 MiB,512 MiB,281 MiB,22.7 MiB,34.3 MiB,14.1 MiB,30.7 MiB,20.2 MiB,30.7 MiB,24.2 MiB,427 MiB,19.7 MiB
2024-09-09 02:51:50,43.7 MiB,188 MiB,21.2 MiB,28.0 MiB,15.4 MiB,512 MiB,281 MiB,22.7 MiB,34.3 MiB,14.1 MiB,30.7 MiB,20.2 MiB,30.7 MiB,24.2 MiB,427 MiB,19.7 MiB
2024-09-09 02:52:00,43.7 MiB,188 MiB,21.2 MiB,28.4 MiB,15.4 MiB,512 MiB,281 MiB,22.9 MiB,34.8 MiB,14.5 MiB,30.7 MiB,20.2 MiB,31.2 MiB,24.2 MiB,427 MiB,19.7 MiB
2024-09-09 02:52:10,44.1 MiB,188 MiB,21.5 MiB,28.4 MiB,15.9 MiB,516 MiB,283 MiB,22.9 MiB,34.8 MiB,14.2 MiB,31.2 MiB,20.4 MiB,31.2 MiB,24.2 MiB,427 MiB,19.8 MiB
2024-09-09 02:52:20,44.1 MiB,188 MiB,21.5 MiB,28.4 MiB,15.9 MiB,516 MiB,283 MiB,22.9 MiB,34.8 MiB,14.2 MiB,31.1 MiB,20.4 MiB,31.2 MiB,24.2 MiB,427 MiB,19.8 MiB
2024-09-09 02:52:30,44.1 MiB,188 MiB,21.5 MiB,28.4 MiB,15.9 MiB,822 MiB,283 MiB,22.9 MiB,34.8 MiB,14.3 MiB,31.2 MiB,20.4 MiB,31.2 MiB,24.2 MiB,430 MiB,19.8 MiB
2024-09-09 02:52:40,44.1 MiB,188 MiB,21.5 MiB,28.4 MiB,15.9 MiB,855 MiB,283 MiB,22.9 MiB,34.8 MiB,14.3 MiB,31.2 MiB,20.4 MiB,31.2 MiB,24.2 MiB,431 MiB,19.8 MiB
2024-09-09 02:52:50,44.1 MiB,188 MiB,21.5 MiB,28.4 MiB,15.9 MiB,861 MiB,283 MiB,22.9 MiB,34.8 MiB,15.3 MiB,31.2 MiB,20.4 MiB,31.2 MiB,24.2 MiB,431 MiB,19.8 MiB
2024-09-09 02:53:00,44.1 MiB,188 MiB,21.5 MiB,28.4 MiB,15.9 MiB,861 MiB,283 MiB,22.9 MiB,34.8 MiB,14.2 MiB,31.2 MiB,20.4 MiB,31.2 MiB,24.2 MiB,431 MiB,19.8 MiB
2024-09-09 02:53:10,44.1 MiB,188 MiB,21.5 MiB,28.4 MiB,15.9 MiB,868 MiB,283 MiB,22.9 MiB,34.8 MiB,14.2 MiB,31.2 MiB,20.4 MiB,31.2 MiB,24.2 MiB,440 MiB,19.8 MiB
2024-09-09 02:53:20,44.1 MiB,188 MiB,21.5 MiB,28.4 MiB,15.9 MiB,831 MiB,283 MiB,22.9 MiB,34.8 MiB,15.0 MiB,31.2 MiB,20.4 MiB,31.2 MiB,24.2 MiB,440 MiB,19.8 MiB
2024-09-09 02:53:30,44.1 MiB,188 MiB,21.5 MiB,28.4 MiB,15.9 MiB,831 MiB,283 MiB,22.9 MiB,34.8 MiB,16.1 MiB,31.2 MiB,20.4 MiB,31.2 MiB,24.2 MiB,440 MiB,19.8 MiB
2024-09-09 02:53:40,44.1 MiB,188 MiB,21.5 MiB,28.4 MiB,15.9 MiB,825 MiB,283 MiB,22.9 MiB,34.8 MiB,16.1 MiB,31.2 MiB,20.4 MiB,31.2 MiB,24.2 MiB,440 MiB,19.8 MiB
2024-09-09 02:53:50,44.1 MiB,188 MiB,21.5 MiB,28.4 MiB,15.9 MiB,820 MiB,283 MiB,22.9 MiB,34.8 MiB,14.6 MiB,31.2 MiB,20.4 MiB,31.2 MiB,24.2 MiB,417 MiB,19.8 MiB
2024-09-09 02:54:00,44.1 MiB,188 MiB,21.5 MiB,28.4 MiB,15.9 MiB,820 MiB,283 MiB,22.9 MiB,34.8 MiB,15.9 MiB,31.2 MiB,20.4 MiB,31.2 MiB,24.2 MiB,417 MiB,19.8 MiB
2024-09-09 02:54:10,44.1 MiB,188 MiB,21.5 MiB,28.4 MiB,15.9 MiB,809 MiB,283 MiB,22.9 MiB,34.8 MiB,15.9 MiB,31.2 MiB,20.4 MiB,31.2 MiB,24.2 MiB,417 MiB,19.8 MiB
2024-09-09 02:54:20,44.1 MiB,188 MiB,21.5 MiB,28.4 MiB,15.9 MiB,809 MiB,283 MiB,22.9 MiB,34.8 MiB,14.0 MiB,31.2 MiB,20.4 MiB,31.2 MiB,24.2 MiB,399 MiB,19.8 MiB
2024-09-09 02:54:30,44.1 MiB,188 MiB,21.5 MiB,28.4 MiB,15.9 MiB,809 MiB,283 MiB,22.9 MiB,34.8 MiB,15.1 MiB,31.2 MiB,20.4 MiB,31.2 MiB,24.2 MiB,399 MiB,19.8 MiB
2024-09-09 02:54:40,44.1 MiB,188 MiB,21.5 MiB,28.4 MiB,15.9 MiB,809 MiB,283 MiB,22.9 MiB,34.8 MiB,14.1 MiB,31.2 MiB,20.4 MiB,31.2 MiB,24.2 MiB,399 MiB,19.8 MiB
2024-09-09 02:54:50,44.1 MiB,188 MiB,21.5 MiB,28.4 MiB,15.9 MiB,809 MiB,283 MiB,22.9 MiB,34.8 MiB,14.3 MiB,31.2 MiB,20.4 MiB,31.2 MiB,24.2 MiB,399 MiB,19.8 MiB
2024-09-09 02:55:00,44.1 MiB,188 MiB,21.5 MiB,28.4 MiB,15.9 MiB,809 MiB,283 MiB,22.9 MiB,34.8 MiB,14.3 MiB,31.2 MiB,20.4 MiB,31.2 MiB,24.2 MiB,399 MiB,19.8 MiB
2024-09-09 02:55:10,44.1 MiB,188 MiB,21.5 MiB,28.4 MiB,15.9 MiB,809 MiB,280 MiB,22.9 MiB,34.8 MiB,14.4 MiB,31.2 MiB,20.4 MiB,31.2 MiB,24.2 MiB,411 MiB,19.8 MiB
2024-09-09 02:55:20,44.1 MiB,188 MiB,21.5 MiB,28.4 MiB,15.9 MiB,809 MiB,280 MiB,22.9 MiB,34.8 MiB,14.1 MiB,31.2 MiB,20.4 MiB,31.2 MiB,24.2 MiB,414 MiB,19.8 MiB
2024-09-09 02:55:30,44.1 MiB,188 MiB,21.5 MiB,28.4 MiB,15.9 MiB,809 MiB,280 MiB,22.9 MiB,34.8 MiB,14.1 MiB,31.2 MiB,20.4 MiB,31.2 MiB,24.2 MiB,414 MiB,19.8 MiB
2024-09-09 02:55:40,44.1 MiB,188 MiB,21.5 MiB,28.4 MiB,15.9 MiB,809 MiB,280 MiB,22.9 MiB,34.8 MiB,14.8 MiB,31.3 MiB,20.4 MiB,31.2 MiB,24.2 MiB,438 MiB,19.8 MiB
2024-09-09 02:55:50,44.1 MiB,188 MiB,21.5 MiB,28.4 MiB,15.9 MiB,809 MiB,278 MiB,22.9 MiB,34.8 MiB,14.8 MiB,31.2 MiB,20.4 MiB,31.2 MiB,24.2 MiB,438 MiB,19.8 MiB